/*
SQLyog Community v13.2.1 (64 bit)
MySQL - 10.4.32-MariaDB : Database - cookers_dev
*********************************************************************
*/

/*!40101 SET NAMES utf8 */;

/*!40101 SET SQL_MODE=''*/;

/*!40014 SET @OLD_UNIQUE_CHECKS=@@UNIQUE_CHECKS, UNIQUE_CHECKS=0 */;
/*!40014 SET @OLD_FOREIGN_KEY_CHECKS=@@FOREIGN_KEY_CHECKS, FOREIGN_KEY_CHECKS=0 */;
/*!40101 SET @OLD_SQL_MODE=@@SQL_MODE, SQL_MODE='NO_AUTO_VALUE_ON_ZERO' */;
/*!40111 SET @OLD_SQL_NOTES=@@SQL_NOTES, SQL_NOTES=0 */;
CREATE DATABASE /*!32312 IF NOT EXISTS*/`cookers_dev` /*!40100 DEFAULT CHARACTER SET utf8mb4 COLLATE utf8mb4_general_ci */;

USE `cookers_dev`;

/*Table structure for table `comment` */

DROP TABLE IF EXISTS `comment`;

CREATE TABLE `comment` (
  `author_id` bigint(20) DEFAULT NULL,
  `create_date` datetime(6) DEFAULT NULL,
  `id` bigint(20) NOT NULL AUTO_INCREMENT,
  `member_id` bigint(20) DEFAULT NULL,
  `modify_date` datetime(6) DEFAULT NULL,
  `recipe_id` bigint(20) DEFAULT NULL,
  `content` varchar(255) NOT NULL,
  `thumnail_img` varchar(255) DEFAULT NULL,
  PRIMARY KEY (`id`),
  KEY `FK2bam3knj13ijq6eiskx55xtqh` (`author_id`),
  KEY `FKmrrrpi513ssu63i2783jyiv9m` (`member_id`),
  KEY `FKe5i1rxybcm40jcn98fj1jmvit` (`recipe_id`),
  CONSTRAINT `FK2bam3knj13ijq6eiskx55xtqh` FOREIGN KEY (`author_id`) REFERENCES `member` (`id`),
  CONSTRAINT `FKe5i1rxybcm40jcn98fj1jmvit` FOREIGN KEY (`recipe_id`) REFERENCES `recipe` (`id`),
  CONSTRAINT `FKmrrrpi513ssu63i2783jyiv9m` FOREIGN KEY (`member_id`) REFERENCES `member` (`id`)
) ENGINE=InnoDB AUTO_INCREMENT=2 DEFAULT CHARSET=utf8mb4 COLLATE=utf8mb4_general_ci;

/*Data for the table `comment` */

/*Table structure for table `ingredient` */

DROP TABLE IF EXISTS `ingredient`;

CREATE TABLE `ingredient` (
  `create_date` datetime(6) DEFAULT NULL,
  `id` bigint(20) NOT NULL AUTO_INCREMENT,
  `modify_date` datetime(6) DEFAULT NULL,
  `recipe_id` bigint(20) DEFAULT NULL,
  `name` varchar(255) DEFAULT NULL,
  `thumnail_img` varchar(255) DEFAULT NULL,
  `unit` varchar(255) DEFAULT NULL,
  PRIMARY KEY (`id`),
  KEY `FKj0s4ywmqqqw4h5iommigh5yja` (`recipe_id`),
  CONSTRAINT `FKj0s4ywmqqqw4h5iommigh5yja` FOREIGN KEY (`recipe_id`) REFERENCES `recipe` (`id`)
) ENGINE=InnoDB AUTO_INCREMENT=119 DEFAULT CHARSET=utf8mb4 COLLATE=utf8mb4_general_ci;

/*Data for the table `ingredient` */

insert  into `ingredient`(`create_date`,`id`,`modify_date`,`recipe_id`,`name`,`thumnail_img`,`unit`) values 
('2024-06-26 10:32:14.694706',1,'2024-06-26 10:32:14.694706',1,'계란',NULL,'2개'),
('2024-06-26 10:32:14.702142',2,'2024-06-26 10:32:14.702142',1,'밥',NULL,'1공기'),
('2024-06-26 10:34:06.998327',3,'2024-06-26 10:34:06.998327',2,'크래미',NULL,'90g'),
('2024-06-26 10:34:06.999336',4,'2024-06-26 10:34:06.999336',2,'밥',NULL,'1공기'),
('2024-06-26 10:34:07.002406',5,'2024-06-26 10:34:07.002406',2,'양파',NULL,'30g'),
('2024-06-26 10:34:07.004717',6,'2024-06-26 10:34:07.004717',2,'파프리카',NULL,'1/4개'),
('2024-06-26 10:34:07.006726',7,'2024-06-26 10:34:07.006726',2,'달걀',NULL,'1개'),
('2024-06-26 10:34:07.008918',8,'2024-06-26 10:34:07.008918',2,'쪽파',NULL,'2T'),
('2024-06-26 10:37:26.085374',9,'2024-06-26 10:37:26.085374',3,'김치',NULL,'1공기'),
('2024-06-26 10:37:26.087363',10,'2024-06-26 10:37:26.087363',3,'대파',NULL,'1/2개'),
('2024-06-26 10:37:26.089408',11,'2024-06-26 10:37:26.089408',3,'달걀',NULL,'1개'),
('2024-06-26 10:37:26.091447',12,'2024-06-26 10:37:26.091447',3,'밥',NULL,'1공기'),
('2024-06-26 10:39:26.643526',13,'2024-06-26 10:39:26.643526',4,'꼬막',NULL,'1kg'),
('2024-06-26 10:39:26.645522',14,'2024-06-26 10:39:26.645522',4,'쪽파',NULL,'10대'),
('2024-06-26 10:39:26.647513',15,'2024-06-26 10:39:26.647513',4,'청고추',NULL,'1개'),
('2024-06-26 10:39:26.649601',16,'2024-06-26 10:39:26.649601',4,'홍고추',NULL,'1개'),
('2024-06-26 10:42:25.087459',17,'2024-06-26 10:42:25.087459',5,'당면',NULL,'500원 정도'),
('2024-06-26 10:42:25.089463',18,'2024-06-26 10:42:25.089463',5,'양배추',NULL,'3~4장'),
('2024-06-26 10:42:25.091460',19,'2024-06-26 10:42:25.091460',5,'맛타리버섯',NULL,'1줌'),
('2024-06-26 10:42:25.092459',20,'2024-06-26 10:42:25.092459',5,'파프리카',NULL,'1/2개'),
('2024-06-26 10:42:25.093458',21,'2024-06-26 10:42:25.093458',5,'숙주',NULL,'1줌'),
('2024-06-26 10:46:02.521908',22,'2024-06-26 10:46:02.521908',6,'현미',NULL,'2컵'),
('2024-06-26 10:46:02.522908',23,'2024-06-26 10:46:02.522908',6,'가지',NULL,'2컵'),
('2024-06-26 10:46:02.523909',24,'2024-06-26 10:46:02.523909',6,'파',NULL,'1컵'),
('2024-06-26 10:46:02.524912',25,'2024-06-26 10:46:02.524912',6,'올리브유',NULL,'4큰술'),
('2024-06-26 10:46:02.525910',26,'2024-06-26 10:46:02.525910',6,'간장',NULL,'3큰술'),
('2024-06-26 10:48:10.674758',27,'2024-06-26 10:48:10.674758',7,'계란',NULL,'2개'),
('2024-06-26 10:48:10.675758',28,'2024-06-26 10:48:10.675758',7,'냉동새우',NULL,'8마리'),
('2024-06-26 10:48:10.676759',29,'2024-06-26 10:48:10.676759',7,'대파',NULL,'1/2개'),
('2024-06-26 10:49:48.905643',30,'2024-06-26 10:49:48.905643',8,'밥',NULL,'2공기'),
('2024-06-26 10:49:48.905643',31,'2024-06-26 10:49:48.905643',8,'스팸',NULL,'1개'),
('2024-06-26 10:49:48.906639',32,'2024-06-26 10:49:48.906639',8,'계란',NULL,'2개'),
('2024-06-26 10:49:48.908645',33,'2024-06-26 10:49:48.908645',8,'양파',NULL,'1/2개'),
('2024-06-26 10:49:48.909648',34,'2024-06-26 10:49:48.909648',8,'청양고추',NULL,'2개'),
('2024-06-26 10:51:56.724621',35,'2024-06-26 10:51:56.724621',9,'당면',NULL,'300g'),
('2024-06-26 10:51:56.726707',36,'2024-06-26 10:51:56.726707',9,'돼지고기 등심',NULL,'200g'),
('2024-06-26 10:51:56.727622',37,'2024-06-26 10:51:56.727622',9,'양배추',NULL,'100g'),
('2024-06-26 10:51:56.728620',38,'2024-06-26 10:51:56.728620',9,'당근',NULL,'1개'),
('2024-06-26 10:51:56.728620',39,'2024-06-26 10:51:56.728620',9,'양파',NULL,'1개'),
('2024-06-26 10:51:56.730126',40,'2024-06-26 10:51:56.730126',9,'표고버섯',NULL,'4개'),
('2024-06-26 10:51:56.730126',41,'2024-06-26 10:51:56.730126',9,'대파',NULL,'1/2대'),
('2024-06-26 10:53:58.598911',42,'2024-06-26 10:53:58.598911',10,'대패삼겹살',NULL,'200g'),
('2024-06-26 10:53:58.599934',43,'2024-06-26 10:53:58.599934',10,'감자',NULL,'1개'),
('2024-06-26 10:53:58.600904',44,'2024-06-26 10:53:58.600904',10,'양파',NULL,'1개'),
('2024-06-26 10:53:58.601906',45,'2024-06-26 10:53:58.601906',10,'대파',NULL,'1줌'),
('2024-06-26 10:55:54.937037',46,'2024-06-26 10:55:54.937037',11,'계란',NULL,'1개'),
('2024-06-26 10:55:54.938050',47,'2024-06-26 10:55:54.938050',11,'국물용 멸치',NULL,'10개'),
('2024-06-26 10:55:54.938856',48,'2024-06-26 10:55:54.938856',11,'팽이버섯',NULL,'1줌'),
('2024-06-26 10:55:54.938856',49,'2024-06-26 10:55:54.938856',11,'파',NULL,'10cm'),
('2024-06-26 10:57:39.521878',50,'2024-06-26 10:57:39.521878',12,'감자',NULL,'500g'),
('2024-06-26 10:57:39.522766',51,'2024-06-26 10:57:39.522766',12,'애호박',NULL,'250g'),
('2024-06-26 10:57:39.524763',52,'2024-06-26 10:57:39.524763',12,'양파',NULL,'100g'),
('2024-06-26 10:57:39.525781',53,'2024-06-26 10:57:39.525781',12,'차돌박이',NULL,'150g'),
('2024-06-26 10:59:30.186285',54,'2024-06-26 10:59:30.186285',13,'참치캔',NULL,'1/2캔'),
('2024-06-26 10:59:30.187302',55,'2024-06-26 10:59:30.187302',13,'밥',NULL,'1공기'),
('2024-06-26 10:59:30.188298',56,'2024-06-26 10:59:30.188298',13,'상추',NULL,'3장'),
('2024-06-26 10:59:30.189306',57,'2024-06-26 10:59:30.189306',13,'김',NULL,'1줌'),
('2024-06-26 10:59:30.190394',58,'2024-06-26 10:59:30.190394',13,'계란',NULL,'1개'),
('2024-06-26 11:09:23.250154',59,'2024-06-26 11:09:23.250154',14,'찬밥',NULL,'1공기'),
('2024-06-26 11:09:23.252150',60,'2024-06-26 11:09:23.252150',14,'달걀',NULL,''),
('2024-06-26 11:09:23.253149',61,'2024-06-26 11:09:23.253149',14,'당근',NULL,''),
('2024-06-26 11:09:23.253149',62,'2024-06-26 11:09:23.253149',14,'파(쪽파)',NULL,''),
('2024-06-26 11:09:23.254152',63,'2024-06-26 11:09:23.254152',14,'부추',NULL,''),
('2024-06-26 11:11:49.299804',64,'2024-06-26 11:11:49.299804',15,'진라면 (소)',NULL,'1개'),
('2024-06-26 11:11:49.300808',65,'2024-06-26 11:11:49.300808',15,'밥',NULL,'1공기'),
('2024-06-26 11:11:49.301809',66,'2024-06-26 11:11:49.301809',15,'계란',NULL,'1알'),
('2024-06-26 11:11:49.302804',67,'2024-06-26 11:11:49.302804',15,'다진 파',NULL,'약간'),
('2024-06-26 11:11:49.303803',68,'2024-06-26 11:11:49.303803',15,'식용우 ',NULL,'2큰술'),
('2024-06-26 11:11:49.303803',69,'2024-06-26 11:11:49.303803',15,'뜨거운물',NULL,'1/2컵'),
('2024-06-26 11:23:01.420900',70,'2024-06-26 11:23:01.420900',16,'달래',NULL,'1줌'),
('2024-06-26 11:23:01.420900',71,'2024-06-26 11:23:01.420900',16,'애호박',NULL,'1/4개'),
('2024-06-26 11:23:01.421903',72,'2024-06-26 11:23:01.421903',16,'두부',NULL,'1/2모'),
('2024-06-26 11:23:01.422902',73,'2024-06-26 11:23:01.422902',16,'양파',NULL,'1/4개'),
('2024-06-26 11:23:01.424901',74,'2024-06-26 11:23:01.424901',16,'대파',NULL,'1/2대'),
('2024-06-26 11:23:01.425901',75,'2024-06-26 11:23:01.425901',16,'청양고추',NULL,'1개'),
('2024-06-26 11:23:01.425901',76,'2024-06-26 11:23:01.425901',16,'물',NULL,'500ml'),
('2024-06-26 11:23:01.427261',77,'2024-06-26 11:23:01.427261',16,'멸치',NULL,'5마리'),
('2024-06-26 11:23:01.427630',78,'2024-06-26 11:23:01.427630',16,'다시마',NULL,'2개'),
('2024-06-26 11:26:31.958541',79,'2024-06-26 11:26:31.958541',17,'떡볶이 떡',NULL,'300g'),
('2024-06-26 11:26:31.959625',80,'2024-06-26 11:26:31.959625',17,'어묵',NULL,'3장'),
('2024-06-26 11:26:31.959625',81,'2024-06-26 11:26:31.959625',17,'파',NULL,'1.5'),
('2024-06-26 11:29:35.527287',82,'2024-06-26 11:29:35.527287',18,'진미채',NULL,'2주먹'),
('2024-06-26 11:29:35.528279',83,'2024-06-26 11:29:35.528279',18,'파슬리가루',NULL,'약간'),
('2024-06-26 11:29:35.529280',84,'2024-06-26 11:29:35.529280',18,'설탕',NULL,'1t'),
('2024-06-26 11:32:15.632306',85,'2024-06-26 11:32:15.632306',19,'밀가루',NULL,'60g'),
('2024-06-26 11:32:15.633193',86,'2024-06-26 11:32:15.633193',19,'계란',NULL,'2개'),
('2024-06-26 11:32:15.633193',87,'2024-06-26 11:32:15.633193',19,'식용유',NULL,'40g'),
('2024-06-26 11:41:27.833647',88,'2024-06-26 11:41:27.833647',20,'불고기용 소고기',NULL,'600g'),
('2024-06-26 11:41:27.834648',89,'2024-06-26 11:41:27.834648',20,'당근',NULL,'1개'),
('2024-06-26 11:41:27.835641',90,'2024-06-26 11:41:27.835641',20,'양파',NULL,'1개'),
('2024-06-26 11:41:27.835641',91,'2024-06-26 11:41:27.835641',20,'느타리 버섯',NULL,'1팩'),
('2024-06-26 11:41:27.836618',92,'2024-06-26 11:41:27.836618',20,'파프리카',NULL,'1개'),
('2024-06-26 11:41:27.837639',93,'2024-06-26 11:41:27.837639',20,'당면',NULL,'1인분'),
('2024-06-26 11:44:05.300081',94,'2024-06-26 11:44:05.300081',21,'사골육수',NULL,'300ml'),
('2024-06-26 11:44:05.300081',95,'2024-06-26 11:44:05.300081',21,'신김치',NULL,'조금'),
('2024-06-26 11:44:05.301078',96,'2024-06-26 11:44:05.301078',21,'대파',NULL,'조금'),
('2024-06-26 11:44:05.301078',97,'2024-06-26 11:44:05.301078',21,'양파',NULL,'1/4개'),
('2024-06-26 11:44:05.302050',98,'2024-06-26 11:44:05.302050',21,'통조림햄',NULL,'1/3개'),
('2024-06-26 11:44:05.302050',99,'2024-06-26 11:44:05.302050',21,'비엔나',NULL,'조금'),
('2024-06-26 11:44:05.302050',100,'2024-06-26 11:44:05.302050',21,'두부',NULL,'1/3모'),
('2024-06-26 11:47:07.386651',101,'2024-06-26 11:47:07.386651',22,'계란노른자',NULL,'2알'),
('2024-06-26 11:47:07.386651',102,'2024-06-26 11:47:07.386651',22,'물',NULL,'1L'),
('2024-06-26 11:47:07.388076',103,'2024-06-26 11:47:07.388076',22,'파마산치즈',NULL,'2T'),
('2024-06-26 11:47:07.389132',104,'2024-06-26 11:47:07.389132',22,'올리브유',NULL,'3T'),
('2024-06-26 11:47:07.389802',105,'2024-06-26 11:47:07.389802',22,'파스타면',NULL,'100 ~ 150g'),
('2024-06-26 11:47:07.389802',106,'2024-06-26 11:47:07.389802',22,'소금',NULL,'약간'),
('2024-06-26 11:50:00.114946',107,'2024-06-26 11:50:00.114946',23,'가지',NULL,'3개'),
('2024-06-26 11:50:00.114946',108,'2024-06-26 11:50:00.114946',23,'닭가슴살',NULL,'200g'),
('2024-06-26 11:50:00.115947',109,'2024-06-26 11:50:00.115947',23,'파프리카',NULL,'2가지'),
('2024-06-26 11:50:00.115947',110,'2024-06-26 11:50:00.115947',23,'새싹채소',NULL,'50g'),
('2024-06-26 11:52:36.894240',111,'2024-06-26 11:52:36.894240',24,'스팸(소)',NULL,'1/2캔'),
('2024-06-26 11:52:36.894240',112,'2024-06-26 11:52:36.894240',24,'계란',NULL,'5개'),
('2024-06-26 11:54:14.508245',113,'2024-06-26 11:54:14.508245',25,'오이',NULL,'2개');

/*Table structure for table `lanking` */

DROP TABLE IF EXISTS `lanking`;

CREATE TABLE `lanking` (
  `create_date` datetime(6) DEFAULT NULL,
  `id` bigint(20) NOT NULL AUTO_INCREMENT,
  `modified_date` datetime(6) DEFAULT NULL,
  PRIMARY KEY (`id`)
) ENGINE=InnoDB DEFAULT CHARSET=utf8mb4 COLLATE=utf8mb4_general_ci;

/*Data for the table `lanking` */

/*Table structure for table `making_step` */

DROP TABLE IF EXISTS `making_step`;

CREATE TABLE `making_step` (
  `step_number` int(11) NOT NULL,
  `create_date` datetime(6) DEFAULT NULL,
  `id` bigint(20) NOT NULL AUTO_INCREMENT,
  `modify_date` datetime(6) DEFAULT NULL,
  `recipe_id` bigint(20) DEFAULT NULL,
  `image_file_path` varchar(255) DEFAULT NULL,
  `image_filename` varchar(255) DEFAULT NULL,
  `step_text` varchar(255) DEFAULT NULL,
  `step_tip_text` varchar(255) DEFAULT NULL,
  `thumnail_img` varchar(255) DEFAULT NULL,
  PRIMARY KEY (`id`),
  KEY `FK1g9wyl318o98kpebva9nudotr` (`recipe_id`),
  CONSTRAINT `FK1g9wyl318o98kpebva9nudotr` FOREIGN KEY (`recipe_id`) REFERENCES `recipe` (`id`)
) ENGINE=InnoDB AUTO_INCREMENT=193 DEFAULT CHARSET=utf8mb4 COLLATE=utf8mb4_general_ci;

/*Data for the table `making_step` */

insert  into `making_step`(`step_number`,`create_date`,`id`,`modify_date`,`recipe_id`,`image_file_path`,`image_filename`,`step_text`,`step_tip_text`,`thumnail_img`) values 
(0,'2024-06-26 10:32:14.655097',1,'2024-06-26 10:32:14.655097',1,'/imagefile/post/2124a6fe-fffc-487a-9832-e41139068d6a_2.jpg','2.jpg','너무 간단한 레시피라서 일일이 과정을 다 찍었네요. 달군 팬에 기름을 둘러줍니다. 파기름으로 해도 맛있어요. ^^	','',NULL),
(0,'2024-06-26 10:32:14.668093',2,'2024-06-26 10:32:14.668093',1,'/imagefile/post/e487a29b-11ee-44b3-a8e6-92e6889335b8_3.jpg','3.jpg','계란 2개를 후라이를 해줍니다. 간장을 넣어서 간을 맞출 거라서 소금은 넣지 않았어요.	','',NULL),
(0,'2024-06-26 10:32:14.671091',3,'2024-06-26 10:32:14.671091',1,'/imagefile/post/fd1c5dc0-2c6f-4452-b718-2a204bea68ae_4.jpg','4.jpg','밥이랑 볶다 보면 익으니 완전히 다 익히지는 않고 주걱으로 대충대충 잘라둡니다.	','',NULL),
(0,'2024-06-26 10:32:14.675429',4,'2024-06-26 10:32:14.675429',1,'/imagefile/post/949ef2ed-3c3b-472d-8909-d27dc2727b5f_5.jpg','5.jpg','계란은 옆으로 밀어두고 밥을 넣어줍니다.	','',NULL),
(0,'2024-06-26 10:32:14.679427',5,'2024-06-26 10:32:14.679427',1,'/imagefile/post/5c77281a-83da-49c1-a4d3-be3172dbc4fc_6.jpg','6.jpg','아이가 간장맛이 많이 나게 해달라고 주문을 해서 간장 2큰술을 넣어줬어요.	','',NULL),
(0,'2024-06-26 10:32:14.681689',6,'2024-06-26 10:32:14.681689',1,'/imagefile/post/f5cf4d77-c2ad-482a-9e9d-1bdbba568f87_7.jpg','7.jpg','계란이랑 섞어서 비벼줍니다.	','',NULL),
(0,'2024-06-26 10:32:14.684709',7,'2024-06-26 10:32:14.684709',1,'/imagefile/post/234a8890-3c16-4575-b04a-38dbe5859e2f_8.jpg','8.jpg','고소하라고 참기름도 넣고~	','',NULL),
(0,'2024-06-26 10:32:14.686706',8,'2024-06-26 10:32:14.686706',1,'/imagefile/post/b3ced1e2-c237-45c1-bd44-07aba5737ab8_9.jpg','9.jpg','고소함은 참기름이 줬으니 이젠 더 꼬소함을 주기 위해 통깨를 넣고 섞어주면 간장계란밥 끝~	','',NULL),
(0,'2024-06-26 10:32:14.690739',9,'2024-06-26 10:32:14.690739',1,'/imagefile/post/eabd56f6-c8af-438f-a4b5-4b6fdadff0fd_10.jpg','10.jpg','간장계란밥 / 간계밥 완성!	','',NULL),
(0,'2024-06-26 10:34:06.988164',10,'2024-06-26 10:34:06.988164',2,'/imagefile/post/4d3dbaf9-b6d1-46f2-8cbb-099d31fa2abc_2.jpg','2.jpg','크래미는 결대로 찢어 준비한다.\r\n','크래미 90g',NULL),
(0,'2024-06-26 10:34:06.990170',11,'2024-06-26 10:34:06.990170',2,'/imagefile/post/2211d355-d808-4ef2-bd1c-ca5dbe342a7a_3.jpg','3.jpg','양파, 파프리카는 다져 준비하고 쪽파는 송송 썰어 준비한다.\r\n','양파 30g, 파프리카 1/4개, 쪽파 2T',NULL),
(0,'2024-06-26 10:34:06.991997',12,'2024-06-26 10:34:06.991997',2,'/imagefile/post/78ef4113-aa7a-4e9d-8200-8a33641919a3_4.jpg','4.jpg','팬에 기름을 두르고 쪽파, 양파, 파프리카를 볶는다.\r\n','',NULL),
(0,'2024-06-26 10:34:06.994016',13,'2024-06-26 10:34:06.994016',2,'/imagefile/post/114fed61-4ee4-48cf-8c17-de6cf106bf50_5.jpg','5.jpg','볶던 재료를 한 쪽으로 밀고 달걀 한 개를 넣어 스크램블을 만든다.	','',NULL),
(0,'2024-06-26 10:34:06.996005',14,'2024-06-26 10:34:06.996005',2,'/imagefile/post/f9c4d945-e919-4db7-b189-69f99ee1552f_6.jpg','6.jpg','볶아진 재료에 크래미, 밥, 굴소스를 넣고 볶아 완성한다.\r\n','밥 1공기, 굴소스 2T',NULL),
(0,'2024-06-26 10:37:26.052829',15,'2024-06-26 10:37:26.052829',3,'/imagefile/post/3211a38b-8ef9-43c4-b688-b3d9d917967a_2.jpg','2.jpg','팬에 기름을 넉넉히 두르고	','',NULL),
(0,'2024-06-26 10:37:26.056825',16,'2024-06-26 10:37:26.056825',3,'/imagefile/post/e3ef380e-52d0-48db-ab3a-b9e991e971d8_3.jpg','3.jpg','달걀을 튀기듯이 프라이해주세요.\r\n','달걀 1개',NULL),
(0,'2024-06-26 10:37:26.058822',17,'2024-06-26 10:37:26.058822',3,'/imagefile/post/cf2f861b-2fcd-4164-9317-c81ca5b3f8b9_4.jpg','4.jpg','대파는 굵직하게 다져서\r\n','대파 1/2개',NULL),
(0,'2024-06-26 10:37:26.060846',18,'2024-06-26 10:37:26.060846',3,'/imagefile/post/402851b2-add8-43f3-8be5-2944c901ecbf_5.jpg','5.jpg','남은 기름에 대파를 넣고 볶아줍니다.','',NULL),
(0,'2024-06-26 10:37:26.063825',19,'2024-06-26 10:37:26.063825',3,'/imagefile/post/6a5dd6ff-08f1-49cd-8e5b-14da74b09fd5_6.jpg','6.jpg','김치는 잘게 잘라서 준비해주세요.','김치 1공기',NULL),
(0,'2024-06-26 10:37:26.065816',20,'2024-06-26 10:37:26.065816',3,'/imagefile/post/76b59839-3768-4272-9d95-03ff2592c270_7.jpg','7.jpg','파기름에 김치를 넣고 볶아주다가','',NULL),
(0,'2024-06-26 10:37:26.069463',21,'2024-06-26 10:37:26.069463',3,'/imagefile/post/24710aa3-dc01-4bc2-be3f-011314d06b25_8.jpg','8.jpg','더 또렷한 색을 내고 싶다면 고춧가루 1/2T를 넣어주세요.','고춧가루 1/2T',NULL),
(0,'2024-06-26 10:37:26.072388',22,'2024-06-26 10:37:26.072388',3,'/imagefile/post/16547cfc-d23c-44b7-8633-14db892be122_9.jpg','9.jpg','설탕도 1꼬집 넣어줍니다.','설탕 1꼬집',NULL),
(0,'2024-06-26 10:37:26.075406',23,'2024-06-26 10:37:26.075406',3,'/imagefile/post/f2585a47-00d6-46c5-b398-9ad98108a535_10.jpg','10.jpg','김치가 적당히 볶아지면 팬구석에 김치를 모아놓고','',NULL),
(0,'2024-06-26 10:37:26.078451',24,'2024-06-26 10:37:26.078451',3,'/imagefile/post/c2ed4f8c-1aed-4756-aedd-2b2b7810309e_11.jpg','11.jpg','빈 공간에 간장 1T를 넣고 졸여주세요.','간장 1T',NULL),
(0,'2024-06-26 10:37:26.080353',25,'2024-06-26 10:37:26.080353',3,'/imagefile/post/adf481d1-cb00-4375-8209-5edd05c7f21f_12.jpg','12.jpg','불을 끄고 밥을 넣어 주걱으로 가르듯이 섞으며 밥과 김치를 잘 섞어주세요.','밥 1공기',NULL),
(0,'2024-06-26 10:37:26.081355',26,'2024-06-26 10:37:26.081355',3,'/imagefile/post/8b165558-0b02-4afa-8a4f-b39e6aed1fd9_13.jpg','13.jpg','참기름 한 바퀴 두르는 것도 잊지마세요!','참기름 약간',NULL),
(0,'2024-06-26 10:37:26.083354',27,'2024-06-26 10:37:26.083354',3,'/imagefile/post/edf37c93-0f59-4a76-b592-19b247df577c_14.jpg','14.jpg','매운 맛을 좋아하시는 분들은 취향에 따라 청양고추를 썰어넣어도 맛있어요.','청양고추(생략가능) 적당량',NULL),
(0,'2024-06-26 10:39:26.626143',28,'2024-06-26 10:39:26.626143',4,'/imagefile/post/bb869afb-69ea-4b88-8c1f-c80172fe3421_2.jpg','2.jpg','꼬막은 비벼가며 맑은 물이 나올 때까지 씻는다.\r\n꼬막이 잠길 정도의 물에 소금 1숟가락을 넣고 녹인 후 꼬막을 넣어 검은 봉지를 씌우거나 쿠킹 호일로 감싸 약 30분 이상 해감 한다.','',NULL),
(0,'2024-06-26 10:39:26.629504',29,'2024-06-26 10:39:26.629504',4,'/imagefile/post/0991f012-4a9f-4054-a55b-7baf46b43408_3.jpg','3.jpg','끓는 물에 깨끗이 손질한 꼬막을 넣고 청주, 또는 소주를 2숟가락 정도 넣어 한쪽 방향으로 저어 가며 꼬막이 입을 벌리기 시작 하면 불을 끄고 체에 건진다.','',NULL),
(0,'2024-06-26 10:39:26.632518',30,'2024-06-26 10:39:26.632518',4,'/imagefile/post/a19cecea-e29b-4802-9bf8-0697a500e35a_4.jpg','4.jpg','잘 익은 꼬막은 살을 발라 준비한다.','입을 벌리지 않은 꼬막은 뒤쪽 부분을 숟가락으로 살짝 돌리면 잘 열려요.',NULL),
(0,'2024-06-26 10:39:26.634518',31,'2024-06-26 10:39:26.634518',4,'/imagefile/post/ab7156a4-892c-496b-bd3d-b273e8f7b255_5.jpg','5.jpg','청, 홍 고추, 쪽파는 송송 썰어 준비한다.','',NULL),
(0,'2024-06-26 10:39:26.637516',32,'2024-06-26 10:39:26.637516',4,'/imagefile/post/96ac98af-aeda-4bdf-a9d1-636f7e3d7eff_6.jpg','6.jpg','볼에 양념 재료를 넣고 양념장을 만든다.','',NULL),
(0,'2024-06-26 10:39:26.639519',33,'2024-06-26 10:39:26.639519',4,'/imagefile/post/ec1448cf-c020-4d8c-b2fb-ad3d8e333a5d_7.jpg','7.jpg','양념장에 꼬막살, 쪽파, 청, 홍 고추를 넣어 버무린다.','',NULL),
(0,'2024-06-26 10:39:26.641514',34,'2024-06-26 10:39:26.641514',4,'/imagefile/post/a30df349-27bb-436e-b715-4897dc19218d_8.jpg','8.jpg','밥과 함께 담아내어 완성한다.','',NULL),
(0,'2024-06-26 10:42:25.075204',35,'2024-06-26 10:42:25.075204',5,'/imagefile/post/1f13ba58-5d7b-4fcb-9b2b-46d9bdda15de_2.jpg','2.jpg','양념장을 분량대로 준비를 합니다\r\n당면은 미리 따뜻한물에 불려주세요','당면은 물을 끓여 데치는 것도 좋지만 저는 정수기에서 뜨거운물이 나와서 잠시 담가두었습니다~어차피 익힐거라 완전 익히지 않아도됩니다',NULL),
(0,'2024-06-26 10:42:25.077205',36,'2024-06-26 10:42:25.077205',5,'/imagefile/post/3ca9ecdf-b2cb-433d-8775-bd316d1c7602_3.jpg','3.jpg','채소들을 채썰어 먹기좋게 준비해주세요','채소는 냉장고에 있는것들로 준비하시면 되요\r\n깻잎 있으면 좀 더 향긋합니다~\r\n저는 크래미가 남아있어서 크래미도 넣었어요~',NULL),
(0,'2024-06-26 10:42:25.078202',37,'2024-06-26 10:42:25.078202',5,'/imagefile/post/cec2b192-f753-4e0c-ad89-a6644f733f17_4.jpg','4.jpg','후라이팬에 식용유를 두르고 채소를 먼저 볶아줍니다!','',NULL),
(0,'2024-06-26 10:42:25.080207',38,'2024-06-26 10:42:25.080207',5,'/imagefile/post/c689bdd7-3179-42eb-9df0-7faa2ebb4e17_5.jpg','5.jpg','채소가 익어가면 불린 당면을 넣어줍니다','',NULL),
(0,'2024-06-26 10:42:25.082200',39,'2024-06-26 10:42:25.082200',5,'/imagefile/post/8c740810-df3a-4345-a855-a3b067b7360d_6.jpg','6.jpg','양념장은 후라이팬 한켠에 넣어 지글지글 읽혀줍니다','',NULL),
(0,'2024-06-26 10:42:25.083209',40,'2024-06-26 10:42:25.083209',5,'/imagefile/post/657d49ed-634b-4418-8cb1-0aa06bfcd8c9_7.jpg','7.jpg','당면, 채소, 양념장을 볶아줍니다\r\n양념이 타려고하면 물을 살짝 넣어서 볶아주세요','약불로..',NULL),
(0,'2024-06-26 10:42:25.085201',41,'2024-06-26 10:42:25.085201',5,'/imagefile/post/6e330fcc-803c-40d6-bc15-fba548be09dd_8.jpg','8.jpg','소스가 잘 배어나면 완성!\r\n밥위에 올리고 깨를 뿌려줍니다','',NULL),
(0,'2024-06-26 10:46:02.508910',42,'2024-06-26 10:46:02.508910',6,'/imagefile/post/630da22c-1e41-4eb3-8edc-89e9f90b588c_2.jpg','2.jpg','가지를 손질해서 원하는 양 만큼 어슷 썰어줍니다. (어슷 썬 가지 2컵)\r\n','',NULL),
(0,'2024-06-26 10:46:02.509908',43,'2024-06-26 10:46:02.509908',6,'/imagefile/post/4af969a9-72e1-40cb-9e62-26d261d483c9_3.jpg','3.jpg','팬을 달구기 전에 올리브유 4큰술과 다진파 1컵을 넣은 후 중간불에서 파를 노릇하게 볶아줍니다.\r\n','불을 달군 후 올리브유에 파를 넣게 되면 파가 튀어 위험!',NULL),
(0,'2024-06-26 10:46:02.510908',44,'2024-06-26 10:46:02.510908',6,'/imagefile/post/14b25e7d-dcb8-4fe6-87ce-2e2bca115c60_4.jpg','4.jpg','파향이 올라오면 썰어놓은 가지를 넣고 볶습니다.','',NULL),
(0,'2024-06-26 10:46:02.510908',45,'2024-06-26 10:46:02.510908',6,'/imagefile/post/b21ae09f-a2a7-40b9-a9d8-ac8994ef8b45_5.jpg','5.jpg','가지가 숨이죽을 즈음에 간장 3큰술을 팬 가장자리에 눌리듯 넣어 함께 볶습니다.','',NULL),
(0,'2024-06-26 10:46:02.511907',46,'2024-06-26 10:46:02.511907',6,'/imagefile/post/09a7991d-fcf8-4db6-aa18-df3688d0ad9d_6.jpg','6.jpg','30분 정도 불린 현미쌀 2컵에 물을 평상시 밥하는 양보다 80% 정도만 넣고 볶은 가지를 위에 올린 후','백종원 레시피는 백미 입니다.',NULL),
(0,'2024-06-26 10:46:02.512931',47,'2024-06-26 10:46:02.512931',6,'/imagefile/post/58ce5e88-3b84-43c3-8264-0dd9ae1667be_7.jpg','7.jpg','전기 압력밥솥 잡곡현미 취사 기능을 누릅니다.','요리 시간중에 밥솥에서 밥이 되는 시간이 제일 길어요.',NULL),
(0,'2024-06-26 10:46:02.513925',48,'2024-06-26 10:46:02.513925',6,'/imagefile/post/fc09bc59-c7ef-456b-bd73-1fbffe8ff0e5_8.jpg','8.jpg','밥이 지어질 동안 양념장을 준비합니다. 양념에 넣어 줄 통깨는 갈아서 넣음 더 고소하지요.','',NULL),
(0,'2024-06-26 10:46:02.514910',49,'2024-06-26 10:46:02.514910',6,'/imagefile/post/501e0db9-8595-4d3b-a8b9-b5abc32ebb2c_9.jpg','9.jpg','다진부추 1/2컵, 다진파 1/2컵 ,고춧가루 2큰술, 다진마늘 1/2큰술 통깨 적당량 재료들을 넣고','',NULL),
(0,'2024-06-26 10:46:02.514910',50,'2024-06-26 10:46:02.514910',6,'/imagefile/post/764afa91-e405-40cd-83ad-1b4262448d83_10.jpg','10.jpg','간장을 재료들이 되직하게 섞일 정도로 자박하게 부어줍니다.','간장양을 많이 넣으면 짜기도 하고 건더기만 건져 넣고 비비고 나면 간장만 많이 남으니 처음부터 간장은 아주 소량만 넣어주면서 농도를 맞춰주세요.',NULL),
(0,'2024-06-26 10:46:02.515908',51,'2024-06-26 10:46:02.515908',6,'/imagefile/post/2e1d59e0-93db-4e8e-bd14-6ddf9be7adcf_11.jpg','11.jpg','매운거 원하면 매운고추 다져서 넣어주고요.','',NULL),
(0,'2024-06-26 10:46:02.516910',52,'2024-06-26 10:46:02.516910',6,'/imagefile/post/b25c5d8c-18aa-401e-93c6-133178c9bf20_12.jpg','12.jpg','감칠맛을 나게하는 설탕 약간과 참기름을 넣어주고 잘 섞어줍니다.','설탕은 조금씩 넣어가며 감칠맛을 조절합니다. 너무 달면 맛 없어요.',NULL),
(0,'2024-06-26 10:46:02.517925',53,'2024-06-26 10:46:02.517925',6,'/imagefile/post/92217fe6-4d41-464f-9f3f-a6c86fd659c0_13.jpg','13.jpg','양념장 느낌은 되직한 요런느낌으로~ 각종 비빔,무침양념으로 활용해도 아주 맛난 맛입니다.','',NULL),
(0,'2024-06-26 10:46:02.517925',54,'2024-06-26 10:46:02.517925',6,'/imagefile/post/d870fc40-9870-459f-8609-2625283368da_14.jpg','14.jpg','전기 압력 밭솥에서 가지밥이 완성되었어요.','',NULL),
(0,'2024-06-26 10:46:02.518907',55,'2024-06-26 10:46:02.518907',6,'/imagefile/post/3f452ff1-0959-459f-a40a-5117aafc6b82_15.jpg','15.jpg','밥을 섞으니 가지의 자태가 온데간데 없어졌... 그래도 밥에 가지의 담백한 맛이 그대로 녹아들어 있습니다. 그냥 먹어도 맛있지만','',NULL),
(0,'2024-06-26 10:46:02.519909',56,'2024-06-26 10:46:02.519909',6,'/imagefile/post/a0128c8a-11b5-4f8b-9fd1-9794354e6649_16.jpg','16.jpg','양념장 적당히 얹어 비벼먹으니 정말~가지밥 먹어 본 중에 최고의 맛을 자랑합니다. 오늘도 백종원님을 백느님이라 부르고픈!!!!','',NULL),
(0,'2024-06-26 10:48:10.664655',57,'2024-06-26 10:48:10.664655',7,'/imagefile/post/7b89470d-cb6e-4f3b-ba08-a6b8a441808b_2.jpg','2.jpg','팬에 올리브 기름을 살짝 두르고 파를 볶아 파기름을 준비해 주세요.','',NULL),
(0,'2024-06-26 10:48:10.665751',58,'2024-06-26 10:48:10.665751',7,'/imagefile/post/4a30ac7d-bdce-454a-bacf-382dc57ccf1f_3.jpg','3.jpg','볶은 파를 한쪽으로 치우고 계란 2개를 올려주세요.','',NULL),
(0,'2024-06-26 10:48:10.666761',59,'2024-06-26 10:48:10.666761',7,'/imagefile/post/d5963efd-f5ff-4671-a21e-e0412fc7f44a_4.jpg','4.jpg','계란은 스크램블을 만들어 주세요.','흰자와 노른자가 잘 섞이도록 싹싹 섞어주세요.',NULL),
(0,'2024-06-26 10:48:10.667757',60,'2024-06-26 10:48:10.667757',7,'/imagefile/post/ba8bc04d-8096-4dc5-a076-283fbc7f5f79_5.jpg','5.jpg','스크램블이 완성이 되었다면 볶은 파와 섞어주세요.','팬을 바꾸지 않고 한 팬에서 볶아내야 하기 때문에 신속하게 해주셔야 해요.',NULL),
(0,'2024-06-26 10:48:10.668757',61,'2024-06-26 10:48:10.668757',7,'/imagefile/post/ae48710c-637d-4114-bff9-d5f5573ebe4d_6.jpg','6.jpg','프라이팬 모퉁이에 새우를 볶아주세요.','',NULL),
(0,'2024-06-26 10:48:10.669760',62,'2024-06-26 10:48:10.669760',7,'/imagefile/post/119e623b-b34a-48f7-908d-d225d1383b71_7.jpg','7.jpg','새우와 파와 스크램블을 함께 섞어주고 간을 맞추기 위해서 간장으로 간을 맞춰 주세요.','',NULL),
(0,'2024-06-26 10:48:10.671761',63,'2024-06-26 10:48:10.671761',7,'/imagefile/post/7a0dd9e7-54f2-418f-a62b-d56fd9910293_8.jpg','8.jpg','간이 골고루 베이도록 잘 섞어 주세요.','',NULL),
(0,'2024-06-26 10:48:10.672759',64,'2024-06-26 10:48:10.672759',7,'/imagefile/post/bc8ee5e6-f10a-482d-87e6-f177aa4d6e57_9.jpg','9.jpg','고소함을 더해 주기 위해서 참기름도 1t 추가해 주세요.','',NULL),
(0,'2024-06-26 10:48:10.673758',65,'2024-06-26 10:48:10.673758',7,'/imagefile/post/d9f3da26-bc99-4c04-a50e-a7e6a3c77b9d_10.jpg','10.jpg','그릇에 담아 위에 통깨를 살짝 뿌려주시면 완성입니다.','',NULL),
(0,'2024-06-26 10:49:48.899644',66,'2024-06-26 10:49:48.899644',8,'/imagefile/post/bd3a5624-84fb-4edd-bd13-329399209303_2.jpg','2.jpg','햄은 큐브모양으로 먹기 좋게 썰어서 뜨거운 물에 식초 한방울 떨어뜨려 담궈 두었다가 건져 달군팬에 볶듯이 구워 줍니다.	','',NULL),
(0,'2024-06-26 10:49:48.901641',67,'2024-06-26 10:49:48.901641',8,'/imagefile/post/397b128f-80f9-42bf-848e-4f29e152c2d3_3.jpg','3.jpg','계란을 풀어서 달군 팬에 오일을 두르고 계란을 사정없이 저어서 스크램블을 만들어 줍니다. 반숙처럼 보일때 불을 끄고 남은 불로 마저 볶아 주면 푸석하지 않답니다.	','',NULL),
(0,'2024-06-26 10:49:48.902639',68,'2024-06-26 10:49:48.902639',8,'/imagefile/post/710f1c17-49e6-4486-ab1b-2bcc49ecd5b0_4.jpg','4.jpg','양파를 채를 썰어서 오일에 볶다가 양파소스인 분량의 간장, 맛술, 올리고당을 넣어 살캉거리게 볶아주세요.	','',NULL),
(0,'2024-06-26 10:49:48.904644',69,'2024-06-26 10:49:48.904644',8,'/imagefile/post/e8735577-e414-486c-af53-f84c3064e758_5.jpg','5.jpg','그릇에 밥을 담고 볶은 양파 - 스크램블 - 구운햄을 순서대로 올리고 청양고추도 송송 썰어서 넣어주고 짤주머니에 마요네즈를 넣어 촥촥 뿌려 줍니다.\r\n','짤주머니가 없을 경우에는 일회용봉지에 넣어 가위로 끝을 살짝 잘라준 후에 뿌려 주면 된답니다.\r\n\r\n',NULL),
(0,'2024-06-26 10:51:56.718295',70,'2024-06-26 10:51:56.718295',9,'/imagefile/post/188f3b73-95af-4614-8742-590dc21b661f_2.jpg','2.jpg','당면은 찬물에 미리 충분히 불려 준비한다.','',NULL),
(0,'2024-06-26 10:51:56.719302',71,'2024-06-26 10:51:56.719302',9,'/imagefile/post/df5d18cd-5113-41c5-90d5-2da8f8168909_3.jpg','3.jpg','돼지고기는 가늘게 채썰고 양배추,당근,표고,대파도 모두\r\n채썰어 준비한다.\r\n양념장을 만들어 놓는다.','',NULL),
(0,'2024-06-26 10:51:56.720294',72,'2024-06-26 10:51:56.720294',9,'/imagefile/post/7f76e5d1-275e-454f-8f73-48e14dde2ace_4.jpg','4.jpg','팬을 달구어 기름을 두르고 돼지고기를 볶는다.','',NULL),
(0,'2024-06-26 10:51:56.721294',73,'2024-06-26 10:51:56.721294',9,'/imagefile/post/93f2c077-e8e3-4858-a1da-5d82f86bf268_5.jpg','5.jpg','고기가 노릇하게 익어가면 채싼 채소들을 넣어 볶으며','',NULL),
(0,'2024-06-26 10:51:56.722294',74,'2024-06-26 10:51:56.722294',9,'/imagefile/post/64d89440-dc18-4484-83d2-01b2bb719e30_6.jpg','6.jpg','불린 당면도 넣어 볶는다.	','',NULL),
(0,'2024-06-26 10:51:56.723612',75,'2024-06-26 10:51:56.723612',9,'/imagefile/post/44b7352b-5cbe-4e00-8e39-538a15bf1f7e_7.jpg','7.jpg','만들어 놓은 양념장을 부어 재빨리 휘리릭 볶아 밥위에 얹는다.	','',NULL),
(0,'2024-06-26 10:53:58.591960',76,'2024-06-26 10:53:58.591960',10,'/imagefile/post/67130a9e-17a4-41ea-8350-e99b8efb95fa_2.jpg','2.jpg','후추뿌려서 대패삼겹살 먼저 볶기.','',NULL),
(0,'2024-06-26 10:53:58.592999',77,'2024-06-26 10:53:58.592999',10,'/imagefile/post/9e33cc64-fb1e-416c-bb9c-041c76cbe26b_3.jpg','3.jpg','기름이 충분히 녹아나올때까지 볶기.','',NULL),
(0,'2024-06-26 10:53:58.594009',78,'2024-06-26 10:53:58.594009',10,'/imagefile/post/45c3d212-389c-439f-a7fb-2cf6e14b4f20_4.jpg','4.jpg','감자와 양파 잘게 깍둑썰기.','',NULL),
(0,'2024-06-26 10:53:58.594903',79,'2024-06-26 10:53:58.594903',10,'/imagefile/post/fc89ce4d-2781-4e63-bc15-117d87a8d38a_5.jpg','5.jpg','감자먼저 넣고 볶다가 감자가 투명해지기 시작하면 양파넣고 양념넣고 골고루 섞어 끓이기.','',NULL),
(0,'2024-06-26 10:53:58.596902',80,'2024-06-26 10:53:58.596902',10,'/imagefile/post/729e8dff-849a-46cc-aa1f-331fdbbe6806_6.jpg','6.jpg','대파넣고 한소끔 더 끓이기.','',NULL),
(0,'2024-06-26 10:53:58.597907',81,'2024-06-26 10:53:58.597907',10,'/imagefile/post/e525cd79-b48a-4b4b-8b9c-fc3f053605a5_7.jpg','7.jpg','재료 살짝 잠기게 물붓고 감자가 푹 익을 때까지 끓이기.','약불에 졸여서 자작하게 드셔도 좋고 물을 넉넉히 부으셔서 찌개로 드셔도 좋습니다. 물양은 취향껏 조절하세요.',NULL),
(0,'2024-06-26 10:55:54.927129',82,'2024-06-26 10:55:54.927129',11,'/imagefile/post/d9ceed0e-d3e9-4e2e-a102-2b6542e0004f_2.jpg','2.jpg','팽이버섯 한 줌을 송송 썰어 준비하고, 파도 송송 썰어 준비해요.','',NULL),
(0,'2024-06-26 10:55:54.928048',83,'2024-06-26 10:55:54.928048',11,'/imagefile/post/5f9c2df1-ae90-43a0-ad01-bf0ec7f4fbfb_3.jpg','3.jpg','계란은 1개 잘 풀어 준비해요.','',NULL),
(0,'2024-06-26 10:55:54.929146',84,'2024-06-26 10:55:54.929146',11,'/imagefile/post/84701f1e-3229-4a77-b99d-e13f30c0181e_4.jpg','4.jpg','물 1300ml에 육수용 멸치를 넣고 바글바글 끓여요','',NULL),
(0,'2024-06-26 10:55:54.930038',85,'2024-06-26 10:55:54.930038',11,'/imagefile/post/7e434068-4641-4eb1-8e30-b1cd13669e90_5.jpg','5.jpg','너무 오래 끓으면 육수의 비린맛이 나니 바글바글 끓으면 육수의 멸치를 건져요.\r\n','',NULL),
(0,'2024-06-26 10:55:54.931042',86,'2024-06-26 10:55:54.931042',11,'/imagefile/post/7a63596f-0c5e-4051-a582-42f9ab7b8e48_6.jpg','6.jpg','국간장 2스푼반을 넣어요.','',NULL),
(0,'2024-06-26 10:55:54.932041',87,'2024-06-26 10:55:54.932041',11,'/imagefile/post/ab8ef433-97bf-4897-a393-9c9d3f705704_7.jpg','7.jpg','송송 썬 팽이버섯을 넣고 끓여요.','',NULL),
(0,'2024-06-26 10:55:54.933045',88,'2024-06-26 10:55:54.933045',11,'/imagefile/post/d4353e75-39f1-4924-b4ad-10adfa780865_8.jpg','8.jpg','팽이버섯이 바글바글 끓어 오르면 소금으로 부족한 간을 해줘요.','',NULL),
(0,'2024-06-26 10:55:54.934049',89,'2024-06-26 10:55:54.934049',11,'/imagefile/post/bc3299ed-1019-4f5c-9893-f42ba3c40b7f_9.jpg','9.jpg','송송 썬 파도 넣어서 한번 더 끓여요. 후추도 톡톡 넣어주면 더 맛있어요','',NULL),
(0,'2024-06-26 10:55:54.935037',90,'2024-06-26 10:55:54.935037',11,'/imagefile/post/485ee1e5-f6a2-4b86-ba6c-0f3f3edbb9d6_10.jpg','10.jpg','계란물을 마지막에 풀어주면 맛있는 팽이버섯 계란국이 완성됩니다.','',NULL),
(0,'2024-06-26 10:55:54.936038',91,'2024-06-26 10:55:54.936038',11,'/imagefile/post/b1887474-e5c7-4efb-bfff-329cc6d9439d_11.jpg','11.jpg','식감이 좋은 팽이버섯 계란국이 완성됐어요.','',NULL),
(0,'2024-06-26 10:57:39.517277',92,'2024-06-26 10:57:39.517277',12,'/imagefile/post/2f30d8ed-1e0d-4f3f-bdf9-f7af0111139a_2.jfif','2.jfif','감자는 깍두기 모양으로 굵직하게 썰어주세요. 양파는 먹기좋은크기로 잘라주세요. 애호박은 1/4등분해줍니다.','',NULL),
(0,'2024-06-26 10:57:39.518756',93,'2024-06-26 10:57:39.518756',12,'/imagefile/post/b05ac4ca-e22a-453a-abe3-e27f148d39a8_3.jfif','3.jfif','냄비에 차돌박이와 다진마늘 1t, 국간장 1T, 참기름 1t를 넣고 볶아줍니다.','',NULL),
(0,'2024-06-26 10:57:39.519798',94,'2024-06-26 10:57:39.519798',12,'/imagefile/post/a265d5be-b4f3-456c-8b01-2afe34e63707_4.jfif','4.jfif','물 4C, 감자, 고추장 3T, 된장 1T를 넣고 15분 끓여줍니다. 끓이면서 거품이 뜨면 걷어주세요. (거품이 겉지 않으면 가장자리에 붙어 타기 때문이죠~ ) 애호박, 양파, 다진마늘 1T, 고춧가루 1T를 넣고 10분을 추가로 끓여주세요.','',NULL),
(0,'2024-06-26 10:57:39.520898',95,'2024-06-26 10:57:39.520898',12,'/imagefile/post/7a1e302e-4813-4800-98cc-5ab48fbde740_5.jfif','5.jfif','송송 썬 청양고추 2개와 대파 1대를 넣어주시면 완성!','',NULL),
(0,'2024-06-26 10:59:30.180759',96,'2024-06-26 10:59:30.180759',13,'/imagefile/post/732bc674-e279-4721-8e4d-f0d12318b79e_2.jpg','2.jpg','팬에 양념재료(고추장1.5큰술, 고추가루1큰술, 간장1큰술, 설탕1큰술, 올리고당1큰술)을 넣고 섞어준다.','',NULL),
(0,'2024-06-26 10:59:30.181759',97,'2024-06-26 10:59:30.181759',13,'/imagefile/post/0043c485-2f6d-491d-8555-57f3c29a0a29_3.jpg','3.jpg','약불에 데우면서 참치를 넣는다. 참기름1큰술을 두른 후 섞어준다','참치기름은 빼지않고 같이 넣는다.',NULL),
(0,'2024-06-26 10:59:30.182885',98,'2024-06-26 10:59:30.182885',13,'/imagefile/post/429aeb25-94e6-46c3-95e9-02bb24d03548_4.jpg','4.jpg','그릇에 밥 - 상추잘게 찢은것 - 김순으로 얹는다.','',NULL),
(0,'2024-06-26 10:59:30.184759',99,'2024-06-26 10:59:30.184759',13,'/imagefile/post/baa5deeb-ff7f-496a-aa11-582a7dd80417_5.jpg','5.jpg','김 위에 만들어놓았던 양념을 얹은 후 계란후라이를 얹는다.','',NULL),
(0,'2024-06-26 11:09:23.237858',100,'2024-06-26 11:09:23.237858',14,'/imagefile/post/c317c96b-b0fc-4119-b23d-37c573743535_2.jpg','2.jpg','쪽파는 작게 쫑쫑 썰어서 준비. 보통 볶음밥이나 볶음 요리에는 대파를 잘게 다져서 사용하는데 빨리 처치해야할 쪽파가 있어서 대신 준비했어요.','',NULL),
(0,'2024-06-26 11:09:23.239280',101,'2024-06-26 11:09:23.239280',14,'/imagefile/post/57924490-de9f-4680-829e-a2dd844fcf7a_3.jpg','3.jpg','당근도 작게 잘라서 준비. 이렇게 파랑 당근만 준비하면 재료 준비는 끝. 양파, 파프리카, 햄 등등 좋아하는 재료 더 추가해서 넣고 같이 볶아도 되는데 오늘은 단간하게 후다닥 만드는거니까 요렇게만..^^','',NULL),
(0,'2024-06-26 11:09:23.239280',102,'2024-06-26 11:09:23.239280',14,'/imagefile/post/95620c7e-c904-4e86-a2fc-8947b1d7d146_4.jpg','4.jpg','오일을 두르고 달군 팬에 달걀을 따로 풀지않고 바로 깨서 올려준 후,','',NULL),
(0,'2024-06-26 11:09:23.240605',103,'2024-06-26 11:09:23.240605',14,'/imagefile/post/1b3ce1f9-14f1-4583-87a7-5e01dd5a6ccd_5.jpg','5.jpg','달걀의 어느정도 익으면 주걱으로 휘휘 저어가면서 계속 익혀요.','',NULL),
(0,'2024-06-26 11:09:23.241610',104,'2024-06-26 11:09:23.241610',14,'/imagefile/post/0007c6db-da74-42fb-8dd8-a173bbfae8a7_6.jpg','6.jpg','스크램블이 완성되면 다른 그릇에 담아두고,','',NULL),
(0,'2024-06-26 11:09:23.242622',105,'2024-06-26 11:09:23.242622',14,'/imagefile/post/5705b831-8782-4790-ae29-07878b5c372b_7.jpg','7.jpg','다시 팬에 오일을 충분히 두르고 쪽파를 넣어 볶다가,','',NULL),
(0,'2024-06-26 11:09:23.244139',106,'2024-06-26 11:09:23.244139',14,'/imagefile/post/66d191ef-6650-4659-82da-ed12ded7076c_8.jpg','8.jpg','파향이 어느정도 돌면 당근을 넣고 볶아볶아~','',NULL),
(0,'2024-06-26 11:09:23.246151',107,'2024-06-26 11:09:23.246151',14,'/imagefile/post/24090b78-a192-4576-97b6-95e79cd2fa04_9.jpg','9.jpg','당근이 거의 다 익으면 찬밥을 넣고 또 볶아볶아~','',NULL),
(0,'2024-06-26 11:09:23.247151',108,'2024-06-26 11:09:23.247151',14,'/imagefile/post/d07543c4-2e54-4627-8100-911bb64783dd_10.jpg','10.jpg','밥이 다 볶아지면 카레가루로 간을 맞춘 다음,','',NULL),
(0,'2024-06-26 11:09:23.248155',109,'2024-06-26 11:09:23.248155',14,'/imagefile/post/20459412-6a1f-466b-80cc-48be47aa12c3_11.jpg','11.jpg','달걀을 넣고 조금 더 볶아준 후,','',NULL),
(0,'2024-06-26 11:09:23.249150',110,'2024-06-26 11:09:23.249150',14,'/imagefile/post/f4f9763c-7960-4887-9607-feaf26d508de_12.jpg','12.jpg','마지막으로 쫑쫑 썬 부추 넣어 고루 섞기. 부추는 금방 익는데다가 너무 익으면 씹는 식감도 없고 향도 없어지니까 불을 끈 다음 넣고 밥에 남아있는 열로 익혀도 충분해요.','',NULL),
(0,'2024-06-26 11:09:23.249150',111,'2024-06-26 11:09:23.249150',14,'/imagefile/post/9325b067-c954-4923-9b72-6c8321d4b45e_13.jpg','13.jpg','후다닥 만든 카레달걀볶음밥 완성~!!','',NULL),
(0,'2024-06-26 11:11:49.293241',112,'2024-06-26 11:11:49.293241',15,'/imagefile/post/1cdcfbae-e110-447d-907b-23ae31687a8b_2.jpg','2.jpg','라면을 봉지에 넣고 부신다.','',NULL),
(0,'2024-06-26 11:11:49.294241',113,'2024-06-26 11:11:49.294241',15,'/imagefile/post/b3018bf6-f600-4747-9146-9d4015e9c41c_3.jpg','3.jpg','라면에 스프를 뿌리고 뜨거운 물을 라면 높이까지만 붓는다.','',NULL),
(0,'2024-06-26 11:11:49.295237',114,'2024-06-26 11:11:49.295237',15,'/imagefile/post/e0fab0e1-d252-4176-9f93-550f49f93186_4.jpg','4.jpg','그 사이 식용유를 두른 팬에 다진파를 볶아 파기름을 낸다.','',NULL),
(0,'2024-06-26 11:11:49.296239',115,'2024-06-26 11:11:49.296239',15,'/imagefile/post/b0ec37ca-dbc3-41e9-907b-594ae4f293d7_5.jpg','5.jpg','계란한알을 넣고 소금 후추를 톡톡 한 뒤 스크램블 하듯이 섞는다.','',NULL),
(0,'2024-06-26 11:11:49.296795',116,'2024-06-26 11:11:49.296795',15,'/imagefile/post/f46e61e5-f958-4422-9b30-d9d66863208e_6.jpg','6.jpg','찬밥 한공기를 계란이 다 익기 전에 넣어 골고루 볶는다.','',NULL),
(0,'2024-06-26 11:11:49.296795',117,'2024-06-26 11:11:49.296795',15,'/imagefile/post/2d11e305-edf0-4c1a-b5f3-6458083bed14_7.jpg','7.jpg','뜨거운물을 부어두었던 라면을 통째로 밥 위에 붓고 잘 섞어가며 고슬고슬해질 때까지 볶는다.','',NULL),
(0,'2024-06-26 11:11:49.297803',118,'2024-06-26 11:11:49.297803',15,'/imagefile/post/b7989d3e-23ef-4afd-93dd-c73d24b085f3_8.jpg','8.jpg','빈 라면컵에 볶음밥을 채워넣는다.','',NULL),
(0,'2024-06-26 11:11:49.298804',119,'2024-06-26 11:11:49.298804',15,'/imagefile/post/be3efdc9-a144-4fa1-94ee-45ee232afb68_9.jpg','9.jpg','접시에 거꾸로 뒤집어 올린다.','',NULL),
(0,'2024-06-26 11:11:49.298804',120,'2024-06-26 11:11:49.298804',15,'/imagefile/post/eafa2409-c23e-4f70-94c9-9292ee93aaeb_10.jpg','10.jpg','컵만 살살 들어올리고 그 위에 통깨를 뿌린다.','',NULL),
(0,'2024-06-26 11:23:01.417901',121,'2024-06-26 11:23:01.417901',16,'/imagefile/post/f74443a7-c08f-43eb-be1e-e0e35ad47240_2.png','2.png','달래, 애호박, 양파, 두부는 한입 크기로 자르고 대파 청양고추는 송송 썰어 준비한다.','',NULL),
(0,'2024-06-26 11:23:01.417901',122,'2024-06-26 11:23:01.417901',16,'/imagefile/post/2e964e36-4a6d-46f0-a755-3301b08e8ce7_3.png','3.png','냄비에 멸치, 다시마를 넣고 물 500ml 약 10분간 끓인 후 건진다.','',NULL),
(0,'2024-06-26 11:23:01.418901',123,'2024-06-26 11:23:01.418901',16,'/imagefile/post/c5408223-5d0b-4be7-8885-04018de8a355_4.png','4.png','육수에 된장을 풀고 양파, 애호박을 넣어 한소끔 끓인다.','',NULL),
(0,'2024-06-26 11:23:01.418901',124,'2024-06-26 11:23:01.418901',16,'/imagefile/post/9d08e0cb-3046-40dd-8d7e-1e9dcde04587_5.png','5.png','두부, 고춧가루, 청양고추, 다진 마늘, 대파를 넣어 한소끔 더 끓인다.','',NULL),
(0,'2024-06-26 11:23:01.419983',125,'2024-06-26 11:23:01.419983',16,'/imagefile/post/be88f78a-0af4-4bda-be0a-83f8d856a763_6.png','6.png','달래를 올려 1분만 더 끓여 완성한다.','',NULL),
(0,'2024-06-26 11:26:31.955535',126,'2024-06-26 11:26:31.955535',17,'/imagefile/post/cbaab84b-6fa4-4a95-af50-29e94b2fed10_2.jpg','2.jpg','물 500mL에 양념 재료를 넣고 떡과 함께 끓여주세요','강불 !',NULL),
(0,'2024-06-26 11:26:31.956553',127,'2024-06-26 11:26:31.956553',17,'/imagefile/post/ba70f076-02a1-4c3b-ad1a-9e9e9a82f9ea_3.jpg','3.jpg','물이 끓기 시작하면 중불로 줄여주신 다음 파를 넣고 끓여주세요\r\n','중불 !',NULL),
(0,'2024-06-26 11:26:31.957646',128,'2024-06-26 11:26:31.957646',17,'/imagefile/post/d2b0ddbd-6496-4552-97bf-1ff393b1c218_4.jpg','4.jpg','물이 어느 정도 졸아들었으면 어묵을 넣고 취향에 맞게 국물을 졸여주세요','',NULL),
(0,'2024-06-26 11:26:31.958541',129,'2024-06-26 11:26:31.958541',17,'/imagefile/post/017e16ed-9cbc-4661-ad24-07508bb68790_5.jpg','5.jpg','완성된 분식집 떡볶이는 예쁘게 플레이팅 해주세요	','',NULL),
(0,'2024-06-26 11:29:35.521278',130,'2024-06-26 11:29:35.521278',18,'/imagefile/post/fa3bc9ed-26af-44ee-8d8f-fbd11702940b_2.jpg','2.jpg','진미채버터구이 만드는법.진미채 버터구이 레시피를\r\n소개해 드릴께요.	','',NULL),
(0,'2024-06-26 11:29:35.522276',131,'2024-06-26 11:29:35.522276',18,'/imagefile/post/f62eb96b-e120-4e94-892f-fdffe4f291b9_3.jpg','3.jpg','진미채 2주먹.후추약간.파슬리가루 약간.버터3T.설탕1t.준비 해 주세요.\r\n미리 녹여둔 버터를 넣어 주시구요	','',NULL),
(0,'2024-06-26 11:29:35.523278',132,'2024-06-26 11:29:35.523278',18,'/imagefile/post/c8f950c1-ced0-4243-a6cc-2b6370f6b166_4.jpg','4.jpg','후추도 넣어 주세요.	','',NULL),
(0,'2024-06-26 11:29:35.524293',133,'2024-06-26 11:29:35.524293',18,'/imagefile/post/6be35f47-b4af-4f86-a517-23b6d3b48123_5.jpg','5.jpg','그리고 설탕도 넣고\r\n파슬리 가루 있으심 솔솔 뿌려 주세요.\r\n그리고 잘 버무려 주세요.\r\n버터가 골고루 뭍도록 잘 버무려 주세요.','',NULL),
(0,'2024-06-26 11:29:35.524293',134,'2024-06-26 11:29:35.524293',18,'/imagefile/post/f1ce4fea-fbe6-43dd-9337-3649a7d35fbc_6.jpg','6.jpg','그리고 종이 호일을 깔고 잘 펼쳐서 넣어 주세요.\r\n에어프라이어 180도 3분만 돌리면 끝\r\n','',NULL),
(0,'2024-06-26 11:29:35.525281',135,'2024-06-26 11:29:35.525281',18,'/imagefile/post/32e69964-e8ba-4da8-9e94-172bbe81a2bb_7.jpg','7.jpg','버터향 솔솔 영화관에서 먹던 오징어버터구이 바로 그 맛	','',NULL),
(0,'2024-06-26 11:32:15.629048',136,'2024-06-26 11:32:15.629048',19,'/imagefile/post/a9935648-e7f3-452c-bd17-2014fbdf4086_2.jpg','2.jpg','계란 두개에 설탕과 식용유를 넣고 풀어주세요.','',NULL),
(0,'2024-06-26 11:32:15.630065',137,'2024-06-26 11:32:15.630065',19,'/imagefile/post/c7421768-6e7d-4c0c-ba22-17dc99ccea34_3.jpg','3.jpg','밀가루를 체쳐 넣고 주걱으로 섞어줍니다.','',NULL),
(0,'2024-06-26 11:32:15.630065',138,'2024-06-26 11:32:15.630065',19,'/imagefile/post/6ba07036-b1ed-4ff6-8041-ee2c68592e0e_4.jpg','4.jpg','콘옥수수를 넣고 싶은 만큼 넣어주세요.','',NULL),
(0,'2024-06-26 11:32:15.631186',139,'2024-06-26 11:32:15.631186',19,'/imagefile/post/780b92e1-0947-41ae-bcf8-487dc0606ab0_5.jpg','5.jpg','종이컵에 70%정도 채운 뒤,','',NULL),
(0,'2024-06-26 11:32:15.631186',140,'2024-06-26 11:32:15.631186',19,'/imagefile/post/9c66d1b8-3eda-4f77-b2bb-e41759f6c20b_6.jpg','6.jpg','전자레인지에 3분 동안 돌려주면 완성~!','',NULL),
(0,'2024-06-26 11:41:27.829615',141,'2024-06-26 11:41:27.829615',20,'/imagefile/post/70ff3db9-f7f7-40db-ba4c-4a1996067bc3_2.jpg','2.jpg','파는 송송 썰고 양파와 당근, 파프리카는 길게 썰어서 준비해요. 버섯은 느타리버섯을 준비했어요.','파, 양파, 당근, 파프리카, 느타리버섯',NULL),
(0,'2024-06-26 11:41:27.830615',142,'2024-06-26 11:41:27.830615',20,'/imagefile/post/97c10e3d-7d3f-43aa-8e6b-5e465443f548_3.jpg','3.jpg','당면은 500원 동전크기 1인분을 준비해서 물에 20분 담궈 준비해요.\r\n','당면 1인분',NULL),
(0,'2024-06-26 11:41:27.831615',143,'2024-06-26 11:41:27.831615',20,'/imagefile/post/1280f4be-156d-40fc-8bb7-fef514ecaaee_4.jpg','4.jpg','소고기에 간장6스푼, 올리고당 1스푼, 설탕 반스푼, 다진마늘 1스푼, 참기름 1스푼, 깨 1스푼을 넣고 조물조물 양념이 스며들게 한 후 손질한 야채도 같이 살짝 조물조물 해요.','간장 6스푼, 올리고당 1스푼, 설탕 반스푼, 다진마늘 1스푼, 참기름 1스푼, 깨 1스푼, 손질한 야채',NULL),
(0,'2024-06-26 11:41:27.831615',144,'2024-06-26 11:41:27.831615',20,'/imagefile/post/e85a2866-7bfc-4cc2-9bda-d3e2d8d27eb4_5.jpg','5.jpg','뚝배기에 고기를 담고 고기가 잠길 정도로 물을 넣은 후 끓여요.','물\r\n\r\n뚝배기\r\n\r\n중불',NULL),
(0,'2024-06-26 11:41:27.832618',145,'2024-06-26 11:41:27.832618',20,'/imagefile/post/3ef3fb71-4579-4627-bc84-23aad321705e_6.jpg','6.jpg','고기가 반쯤 익었을때 불린 당면을 넣고 당면이 익을동안 끓여요. 당면을 물에 오래 불렸다면 빠르게 끓일 수 있어요.','당면 1인분\r\n\r\n약불',NULL),
(0,'2024-06-26 11:41:27.833647',146,'2024-06-26 11:41:27.833647',20,'/imagefile/post/af800f64-45bc-4487-bd24-6aa5d1f2398c_7.jpg','7.jpg','소고기와 야채에서 나온 육수가 시원한 맛을 느끼게 해요. 뜨끈한 국물과 호로록 당면, 맛있는 소고기가 한그릇에 들어있는 오늘의 요리 뚝배기 당면 소불고기 완성됐어요.','',NULL),
(0,'2024-06-26 11:44:05.294042',147,'2024-06-26 11:44:05.294042',21,'/imagefile/post/8ae057a8-ed7a-403b-9fba-2517c8df1476_2.jpg','2.jpg','야채와 햄, 두부는 먹기 좋은 크기로 썰고\r\n신김치는 설탕을 살짝 뿌려 신맛을 중화시켜주세요','',NULL),
(0,'2024-06-26 11:44:05.295048',148,'2024-06-26 11:44:05.295048',21,'/imagefile/post/156a2914-73f2-4e2c-835a-3561c15a81a1_3.jpg','3.jpg','고춧가루 1스푼, 고추장1스푼, 간장 1스푼, 설탕 1스푼, 다진마늘 1스푼 넣고 양념장을 만들어 주세요','',NULL),
(0,'2024-06-26 11:44:05.295048',149,'2024-06-26 11:44:05.295048',21,'/imagefile/post/150deb52-c1b9-4bac-967c-112b79da8b1f_4.jpg','4.jpg','냄비에 김치,양파, 파를 깔고','',NULL),
(0,'2024-06-26 11:44:05.296151',150,'2024-06-26 11:44:05.296151',21,'/imagefile/post/b00daa4b-9332-4049-ae2a-b19634594ba8_5.jpg','5.jpg','햄과 두부를 올려줍니다','',NULL),
(0,'2024-06-26 11:44:05.297090',151,'2024-06-26 11:44:05.297090',21,'/imagefile/post/c97d8246-9a0e-485c-8dd0-356c34ac4b9f_6.jpg','6.jpg','사골육수를 자작하게 부어주고\r\n양념을 위에 올려주세요','양념은 넉넉하게 만들어 사골육수 간에 맞춰 조절해요',NULL),
(0,'2024-06-26 11:44:05.297090',152,'2024-06-26 11:44:05.297090',21,'/imagefile/post/8bae755a-19d7-4d96-9591-6292adcefe5d_7.jpg','7.jpg','뚜껑을 덮고 15-20분 동안 충분히 끓여줍니다 야채와 김치에서 맛이 우러나도록 천천히 오래 끓여주세요','중간에 양념을 잘 풀어 섞어주세요',NULL),
(0,'2024-06-26 11:44:05.299050',153,'2024-06-26 11:44:05.299050',21,'/imagefile/post/5de381b2-3048-4263-bf85-9f6fed26608f_8.jpg','8.jpg','김치와 양파가 충분히 익도록 끓여주면 완성! 취향에 따라 라면사리, 만두 등등을 넣어주세요','',NULL),
(0,'2024-06-26 11:47:07.373125',154,'2024-06-26 11:47:07.373125',22,'/imagefile/post/56e06e9c-a661-495f-b685-4f31d46295cf_2.jpg','2.jpg','1L 기준 소금 1T 정도를 넣고 면을 삶아주세요\r\n(물에 소금을 했을 때 조금 짭짤하다 싶을 정도!)','맛 소금을 쓰시면 더 맛있습니다.\r\n',NULL),
(0,'2024-06-26 11:47:07.375134',155,'2024-06-26 11:47:07.375134',22,'/imagefile/post/ba11bb7f-3d4c-4b50-aaa3-d532f1b6deb8_3.jpg','3.jpg','소금 물을 끓임과 동시에 후라이팬에 올리브유 3T를 넣어주세요.\r\n','엑스트라버진은 샐러드 같은 음식에 잘 어울립니다. 일반 올리브유를 사용하시는 것이 가장 좋습니다.\r\n\r\n',NULL),
(0,'2024-06-26 11:47:07.376243',156,'2024-06-26 11:47:07.376243',22,'/imagefile/post/787152cf-2ab1-45e2-b15e-1de24128f441_4.jpg','4.jpg','베이컨 2줄을 넣고 약불에 볶아주세요.\r\n','',NULL),
(0,'2024-06-26 11:47:07.377137',157,'2024-06-26 11:47:07.377137',22,'/imagefile/post/c888c217-aff5-454f-a943-1a52e8b8ecdf_5.jpg','5.jpg','기름이 충분히 뽑힐 때 까지 볶아주세요(약 3~4분)\r\n','베이컨의 지방이 녹아 기름이 많이 나오는 것이 포인트입니다.\r\n\r\n',NULL),
(0,'2024-06-26 11:47:07.378229',158,'2024-06-26 11:47:07.378229',22,'/imagefile/post/abdec092-dc05-48da-97c2-38b35a8ccf80_6.jpg','6.jpg','(생략가능) 기름이 너무 많다 싶으시면 4T정도 되는 기름만 남기시고 닦아내셔도 됩니다.	','',NULL),
(0,'2024-06-26 11:47:07.379238',159,'2024-06-26 11:47:07.379238',22,'/imagefile/post/11ad8bd0-b11e-40c3-883c-59a6fa2e904e_7.jpg','7.jpg','편 마늘(통마늘 3개 분량)을 넣고 1분정도 볶아주세요.\r\n','마늘이 많이 들어가도 됩니다. 중요한 건 마늘 향이 충분히 하게 하는 것입니다.\r\n\r\n',NULL),
(0,'2024-06-26 11:47:07.381144',160,'2024-06-26 11:47:07.381144',22,'/imagefile/post/dc85302a-2e92-4ba0-8318-88b36eb25bbc_8.jpg','8.jpg','5분 정도 삶은 면을 넣고 20초 정도 중불에 화악 볶아주세요.\r\n','면에 기름을 코팅해주는 작업입니다. 이 부분이 어려우시면 넘어 가셔도 됩니다. 그냥 면만 넣어주세요!\r\n\r\n',NULL),
(0,'2024-06-26 11:47:07.381144',161,'2024-06-26 11:47:07.381144',22,'/imagefile/post/12b333a7-92e0-45d7-be01-1b1b319acc6e_9.jpg','9.jpg','면수를 3국자 정도 넣어주세요.\r\n','면수는 3국자로 시작하지만 계속 추가할 것이기 때문에 남은 면수를 버리지 마세요!\r\n\r\n',NULL),
(0,'2024-06-26 11:47:07.382641',162,'2024-06-26 11:47:07.382641',22,'/imagefile/post/ec1e8f1a-411e-4912-9bfc-599fdc5da2a8_10.jpg','10.jpg','면을 계속 괴롭혀 주세요. 에멀젼이 되어야 합니다. 면수를 추가하면서 면을 계속 비비듯 볶아주세요. 기름이 소스화 되어야합니다.(2분 정도) 이 때 부족한 소금 후추 간을 해주세요!\r\n','',NULL),
(0,'2024-06-26 11:47:07.382641',163,'2024-06-26 11:47:07.382641',22,'/imagefile/post/d8a1c588-81cb-4f06-b4f3-95516f0a0ce3_11.jpg','11.jpg','파스타는 한 쪽에 식혀지도록 놔두시고, 소스를 만듭니다.\r\n노른자 두 알, 소금 한 꼬집, 파마산 치즈 2T를 넣고 잘 섞어주세요.','',NULL),
(0,'2024-06-26 11:47:07.384647',164,'2024-06-26 11:47:07.384647',22,'/imagefile/post/78d74d8c-1f54-479b-a598-b6f59ce1920b_12.jpg','12.jpg','면이 따듯한 정도로 식은 파스타에 소스를 부어주세요.\r\n','계란은 금방 익어버립니다. 따라서 면이 따듯한 정도가 되면 그때 부어줍니다.\r\n\r\n',NULL),
(0,'2024-06-26 11:47:07.385705',165,'2024-06-26 11:47:07.385705',22,'/imagefile/post/75b89176-2579-46ea-ab74-11e456f59275_13.jpg','13.jpg','소스와 잘 비벼주시는데, 이 때 뭔가 너무 뻑뻑하다거나 약간 더 묽었으면 좋겠다 하시면 남은 따뜻한 면수를 반 국자에서 한 국자 정도 넣어주시고 잘 비벼주시면 원하는 소스 농도대로 드실 수 있습니다.\r\n','소스가 뭉치지 않도록 잘 비벼주세요!\r\n\r\n',NULL),
(0,'2024-06-26 11:47:07.385705',166,'2024-06-26 11:47:07.385705',22,'/imagefile/post/c6198739-a86c-412b-aefb-59823ed27138_14.jpg','14.jpg','플레이팅 후 맛있게 드세요!	','',NULL),
(0,'2024-06-26 11:50:00.109946',167,'2024-06-26 11:50:00.109946',23,'/imagefile/post/53b985e1-def2-4a3e-923d-02a6b5e2d785_a129d5e23de8cc5415fb4872ee9458d71.jpg','a129d5e23de8cc5415fb4872ee9458d71.jpg','가지는 약0.5cm 두께로 슬라이스 해주세요. 채칼을 사용해도 되구요.	','',NULL),
(0,'2024-06-26 11:50:00.110950',168,'2024-06-26 11:50:00.110950',23,'/imagefile/post/df51943d-91bb-442d-98b3-a430f2a9d437_5218adafb99f8a29479a693e25bed98a1.jpg','5218adafb99f8a29479a693e25bed98a1.jpg','파프리카는 길게 채썰어주세요.	','',NULL),
(0,'2024-06-26 11:50:00.111948',169,'2024-06-26 11:50:00.111948',23,'/imagefile/post/54103836-59d9-4314-b54c-2e0299b7bdac_a952740dae14ecb0a5fc4be1e7fffa641.jpg','a952740dae14ecb0a5fc4be1e7fffa641.jpg','닭가슴살은 훈제닭가슴살을 이용하거나 익혀서 잘라주세요.	','',NULL),
(0,'2024-06-26 11:50:00.111948',170,'2024-06-26 11:50:00.111948',23,'/imagefile/post/da095a0c-e197-4efa-9f6d-2b5e4e64ab09_fb35d3b93c7e66b78edaaaefb82706c11.jpg','fb35d3b93c7e66b78edaaaefb82706c11.jpg','후라이팬에 기름을 두르지 않고 슬라이스한 가지를 구워주세요.	','',NULL),
(0,'2024-06-26 11:50:00.113945',171,'2024-06-26 11:50:00.113945',23,'/imagefile/post/2ecd96c5-a0cc-4053-afad-16ea7179a129_58a4fd88e3d99a541b378f21a69df6e51.jpg','58a4fd88e3d99a541b378f21a69df6e51.jpg','구운 가지 위에 파프리카, 훈제닭가슴살, 새싹샐러드를 올려 돌돌 알아주면되요.	','',NULL),
(0,'2024-06-26 11:50:00.113945',172,'2024-06-26 11:50:00.113945',23,'/imagefile/post/423286bc-c799-411f-b341-843a1bd6ccac_8d87d554eff162aceec6e9770f9cc6661.jpg','8d87d554eff162aceec6e9770f9cc6661.jpg','샐러드 소스 분량대로 만들어 찍어먹어도 되고 간편하게 가지말이샐러드 위에 뿌려 나가도 된답니다.	','',NULL),
(0,'2024-06-26 11:52:36.885435',173,'2024-06-26 11:52:36.885435',24,'/imagefile/post/2b26d197-d55b-4f62-a824-4ecbae40871e_2.jpg','2.jpg','스팸을 끓는 물에 데쳐주세요.	','',NULL),
(0,'2024-06-26 11:52:36.886443',174,'2024-06-26 11:52:36.886443',24,'/imagefile/post/8f947c1c-80de-4b38-89fb-47ef1d7d9867_3.jpg','3.jpg','가로 4등분으로 썰어주세요.\r\n','통조림 캔은 불순물 및 합성첨가물 제거를 위해 끓는 물에 살짝 데쳐주는 것이 좋아요.\r\n계란말이 한 줄당 2조각씩 사용하면 됩니다.',NULL),
(0,'2024-06-26 11:52:36.886443',175,'2024-06-26 11:52:36.886443',24,'/imagefile/post/175d8ca0-778f-4221-ad65-a3661d75e233_4.jpg','4.jpg','계란 5개를 풀어준 뒤 굵은 체에 걸러주세요.	','',NULL),
(0,'2024-06-26 11:52:36.887441',176,'2024-06-26 11:52:36.887441',24,'/imagefile/post/71889a90-97ba-453a-99da-e6b1a48aa173_5.jpg','5.jpg','스팸 자체에 간이 되어있기 때문에 별도로 소금을 넣지 않아요.\r\n체에 걸러줌으로써 알끈이 제거되고 색이 고르게 나와요.	','',NULL),
(0,'2024-06-26 11:52:36.887441',177,'2024-06-26 11:52:36.887441',24,'/imagefile/post/20cd9596-f318-4a07-88a7-223593c544e2_6.jpg','6.jpg','달군 팬에 올리브유를 붓고 키친타월로 닦아내며 고루 묻혀주세요.\r\n','계란이 고르게 익을 수 있도록 키친타월로 팬 전체에 골고루 기름을 펴 발라주세요.\r\n',NULL),
(0,'2024-06-26 11:52:36.888445',178,'2024-06-26 11:52:36.888445',24,'/imagefile/post/fe850320-8613-49db-a610-363b08be1b31_7.jpg','7.jpg','약불로 줄인 뒤 팬에 계란 물은 얇게 부어주세요.	','',NULL),
(0,'2024-06-26 11:52:36.889268',179,'2024-06-26 11:52:36.889268',24,'/imagefile/post/1ca938cd-a0d4-4fcf-82d9-fde98aaf0cfc_8.jpg','8.jpg','바닥면이 익기 시작하면 스팸 두 조각을 가지런히 놓아준 뒤 돌돌 말아주세요.	','',NULL),
(0,'2024-06-26 11:52:36.890282',180,'2024-06-26 11:52:36.890282',24,'/imagefile/post/29b7ab6f-2aad-4f95-8336-cb315387cb0c_9.jpg','9.jpg','바닥면이 익으면 뒤집개를 이용해 돌돌 말아주세요.	','',NULL),
(0,'2024-06-26 11:52:36.891283',181,'2024-06-26 11:52:36.891283',24,'/imagefile/post/0c062293-dea7-4129-9431-b2ea9932f967_10.jpg','10.jpg','말아진 계란은 팬 한쪽으로 밀어 넣고 다시 계란물을 얇게 부어 반복해주세요.	','',NULL),
(0,'2024-06-26 11:52:36.892291',182,'2024-06-26 11:52:36.892291',24,'/imagefile/post/937594b7-91a3-45f4-a8c1-669cb926150a_11.jpg','11.jpg','계란말이 예쁘게 만들기 핵심은 약불에서, 빠르게 말아주기\r\n저는 사진을 찍으며 만드느라 오버쿡이 됐어요ㅠㅠ\r\n아랫면이 익으면 바로바로 굴려주며 만들어줘야 안쪽까지 매끄러운 스팸 계란말이를 만들 수 있어요.	','',NULL),
(0,'2024-06-26 11:52:36.893232',183,'2024-06-26 11:52:36.893232',24,'/imagefile/post/fcdbac44-e9fe-4535-bec2-e242939a7daf_12.jpg','12.jpg','계란말이 완성.\r\n한 김 식힌 뒤 먹기 좋은 크기로 썰어주세요.\r\n','뜨거운 상태보단 한 김 식혔을 때 단면이 더 깔끔하게 썰어지니\r\n어느 정도 열을 식힌 뒤 썰어주세요.',NULL),
(0,'2024-06-26 11:54:14.506250',184,'2024-06-26 11:54:14.506250',25,'/imagefile/post/4fe4eb9b-137f-40e8-8c16-c01ddae203e7_2.png','2.png','오이는 먹기 적당한 크기로 잘라주세요','',NULL),
(0,'2024-06-26 11:54:14.506250',185,'2024-06-26 11:54:14.506250',25,'/imagefile/post/991569ac-2579-4367-bad8-d6e758385f78_3.png','3.png','볼에 오이를담고 모든 양념을 넣고','',NULL),
(0,'2024-06-26 11:54:14.507327',186,'2024-06-26 11:54:14.507327',25,'/imagefile/post/7f19cc5f-c99c-46d1-8ed1-cf5fab7f7ebf_4.png','4.png','버무려 주시면 됩니다','',NULL),
(0,'2024-06-26 11:54:14.507327',187,'2024-06-26 11:54:14.507327',25,'/imagefile/post/336d7300-18a9-478c-a93a-1126f88a9c8c_5.png','5.png','통에담고 바로 드셔도 좋고 실온에 10분정도 두었다 드셔도 됩니다','',NULL);

/*Table structure for table `member` */

DROP TABLE IF EXISTS `member`;

CREATE TABLE `member` (
  `create_date` datetime(6) DEFAULT NULL,
  `hit` bigint(20) DEFAULT NULL,
  `id` bigint(20) NOT NULL AUTO_INCREMENT,
  `modify_date` datetime(6) DEFAULT NULL,
  `email` varchar(255) DEFAULT NULL,
  `nickname` varchar(255) DEFAULT NULL,
  `password` varchar(255) DEFAULT NULL,
  `profile_img` varchar(255) DEFAULT NULL,
  `provider_type_code` varchar(255) DEFAULT NULL,
  `thumnail_img` varchar(255) DEFAULT NULL,
  `username` varchar(255) DEFAULT NULL COMMENT '유저 아이디',
  `role` enum('ROLE_USER','ROLE_ADMIN') DEFAULT NULL,
  PRIMARY KEY (`id`),
  UNIQUE KEY `UK_hh9kg6jti4n1eoiertn2k6qsc` (`nickname`),
  UNIQUE KEY `UK_gc3jmn7c2abyo3wf6syln5t2i` (`username`)
) ENGINE=InnoDB AUTO_INCREMENT=53 DEFAULT CHARSET=utf8mb4 COLLATE=utf8mb4_general_ci;

/*Data for the table `member` */

insert  into `member`(`create_date`,`hit`,`id`,`modify_date`,`email`,`nickname`,`password`,`profile_img`,`provider_type_code`,`thumnail_img`,`username`,`role`) values 
('2024-06-26 10:29:17.927939',NULL,1,'2024-06-26 10:29:17.927939',NULL,NULL,'$2a$10$gouItdwwEA0IM60q1O2OU./qoY9OLijBXKgJjIn068EOAVzFMe21K',NULL,NULL,NULL,'admin','ROLE_ADMIN'),
('2024-06-26 10:29:19.866262',0,2,'2024-06-26 10:30:07.772896','user1@example.com','달콤한비밀','$2a$10$8E2HocOEPig72SSUlYeeleXNoCC0DRyNzh.0nmt9SR8ng6BTbSIr.','/imagefile/post/1719365407738-1.jpg','','','user1','ROLE_USER'),
('2024-06-26 10:29:19.953329',0,3,'2024-06-26 10:42:41.504662','user2@example.com','맛의초보','$2a$10$xpyOlsOD4zhtGIZexCmphuyIwIn/loS8OalN5paJ9W7Mwpfi3X5Hm','/imagefile/post/1719366161497-2.jpg','','','user2','ROLE_USER'),
('2024-06-26 10:29:20.073267',0,4,'2024-06-26 10:52:24.287682','user3@example.com','요리하는즐거움','$2a$10$WmlfPaYLsjWy.smooRbcz.cTIYcZThButjnvaBWCOT1UH2HcefZoK','/imagefile/post/1719366744281-3.jpg','','','user3','ROLE_USER'),
('2024-06-26 10:29:20.199982',0,5,'2024-06-26 11:00:01.855143','user4@example.com','주방의요정','$2a$10$E0deRwLeo9Ep4gCjia56NeVQbusafMLGJ/yTbAwJy4Z1vKwt5hQGm','/imagefile/post/1719367201845-4.jpg','','','user4','ROLE_USER'),
('2024-06-26 10:29:20.302915',0,6,'2024-06-26 11:12:19.779428','user5@example.com','요리도전','$2a$10$ELhOKkTEzzJT1lu1.P4bBekSjOZLg.V05c16gQbH5ArKmG.S99IEG','/imagefile/post/1719367939773-5.jpg','','','user5','ROLE_USER'),
('2024-06-26 10:29:20.431388',0,7,'2024-06-26 11:12:30.300596','user6@example.com','주방의마술사','$2a$10$SNYudJ7hHgjCzs9sPMK7/OHtq0grA3QpfX1RB5lEKz6MNk1Tkv5de','/imagefile/post/1719367950293-6.jpg','','','user6','ROLE_USER'),
('2024-06-26 10:29:20.589067',0,8,'2024-06-26 11:12:41.234504','user7@example.com','푸른하늘','$2a$10$Im.//ij7XM84aWebMLyL9.X9OFamxioq1Z9zU.B6gPMKKoZHl1S9e','/imagefile/post/1719367961228-7.jpg','','','user7','ROLE_USER'),
('2024-06-26 10:29:20.677580',0,9,'2024-06-26 11:12:53.826778','user8@example.com','맛의비법','$2a$10$kxRWsCFOjTB7ScEWnvq/zeLR5.9t4gTGENWbItd8wOJjMy22pxhhK','/imagefile/post/1719367973819-8.jpg','','','user8','ROLE_USER'),
('2024-06-26 10:29:20.802685',0,10,'2024-06-26 11:13:04.333810','user9@example.com','달콤한주방','$2a$10$QrKGci7Uk/S6rhHhJNC0Ju699TlSSeGf7uw0dIgohmhLpxbq/lUNS','/imagefile/post/1719367984327-9.jpg','','','user9','ROLE_USER'),
('2024-06-26 10:29:20.887350',0,11,'2024-06-26 11:13:13.027711','user10@example.com','요리입문','$2a$10$a2USGbulDpVxGzUVLOk9Ge8HZRlYFsi2ZjyaSQrO8iNTf9DFm3KTO','/imagefile/post/1719367993019-10.jpg','','','user10','ROLE_USER'),
('2024-06-26 10:29:20.975395',0,12,'2024-06-26 11:13:28.736663','user11@example.com','맛의연금술사','$2a$10$vA0QtG2ooJx7y/2FPMB.5uZT06MMIqemj/SsXI3LuKkocm9DrMR3a','/imagefile/post/1719368008731-11.jpg','','','user11','ROLE_USER'),
('2024-06-26 10:29:21.079415',0,13,'2024-06-26 11:13:37.646929','user12@example.com','요리고수','$2a$10$fHJM1bL4rzqSG2gqE/SLpOxrI4emivG3mhpok4adAHZ61AluVAy9m','/imagefile/post/1719368017640-12.jpg','','','user12','ROLE_USER'),
('2024-06-26 10:29:21.169377',0,14,'2024-06-26 11:13:46.498102','user13@example.com','초보요리사','$2a$10$JRYFRIY0S8bwGmW85cHgHOhBHbNgJ.FE6VwHOd23lPvLiNGPL98qG','/imagefile/post/1719368026492-13.jpg','','','user13','ROLE_USER'),
('2024-06-26 10:29:21.253075',0,15,'2024-06-26 11:13:55.981437','user14@example.com','행복한밥상','$2a$10$Qm6Ao78vt2D8u9TyDXkauuEjpo7y0Os8oBD.qEP9XBBLmVF3SOlp2','/imagefile/post/1719368035974-14.jpg','','','user14','ROLE_USER'),
('2024-06-26 10:29:21.349566',0,16,'2024-06-26 11:14:08.542655','user15@example.com','맛있는레시피','$2a$10$13EJdXQdJnnXcnfYwgOEq.K7LnMrYMrECeBUS/M0OLr4LJaY5rJDe','/imagefile/post/1719368048536-15.jpg','','','user15','ROLE_USER'),
('2024-06-26 10:29:21.436090',0,17,'2024-06-26 11:14:17.993095','user16@example.com','행복한주방','$2a$10$5tW82hRFki0KvHVtYgrfkO3kGCmHQp0gwYL6WbfN9XHN5I/xNl74W','/imagefile/post/1719368057987-16.jpg','','','user16','ROLE_USER'),
('2024-06-26 10:29:21.526283',0,18,'2024-06-26 11:14:28.496103','user17@example.com','맛의장인','$2a$10$DWuviU0/ATkYw2kw2y1ktOYPVJbQm2nKZxkjHXhnBGAlrv2eYB2jG','/imagefile/post/1719368068489-17.jpg','','','user17','ROLE_USER'),
('2024-06-26 10:29:21.611212',0,19,'2024-06-26 11:14:40.041682','user18@example.com','요리천재','$2a$10$/Z47nBZIBWqrxjygeNveF.xWU3/JEqBlINVda2BJM1Dwk.2q2G14.','/imagefile/post/1719368080034-18.jpg','','','user18','ROLE_USER'),
('2024-06-26 10:29:21.693637',0,20,'2024-06-26 11:14:50.168189','user19@example.com','초록잎새','$2a$10$C0r5RiAovlXAWz86v68wt.pvY0JNYmXnwyCHwuPkRzs0USShqTjDS','/imagefile/post/1719368090159-19.jpg','','','user19','ROLE_USER'),
('2024-06-26 10:29:21.783606',0,21,'2024-06-26 11:15:00.175257','user20@example.com','맛의고수','$2a$10$NCTpkmw9InQJsvcu45BspeQpeS8YmpiIi6GReyvL58GyrbWg8TqKa','/imagefile/post/1719368100169-20.jpg','','','user20','ROLE_USER'),
('2024-06-26 10:29:21.870954',0,22,'2024-06-26 11:15:11.636327','user21@example.com','은하수길','$2a$10$YHDRjswn76R8/yof9O3pB.mb2sDvAQP9wUFu2X8jPJQZCdT4zGk6W','/imagefile/post/1719368111631-21.jpg','','','user21','ROLE_USER'),
('2024-06-26 10:29:21.961436',0,23,'2024-06-26 11:15:22.622433','user22@example.com','요리의여왕','$2a$10$c41GnOgU529IKMmNjTagQ.jCECKRmmDdhYLYSqqgD00A4FQorBTVi','/imagefile/post/1719368122604-22.jpg','','','user22','ROLE_USER'),
('2024-06-26 10:29:22.053728',0,24,'2024-06-26 11:15:35.374515','user23@example.com','요리사꿈나무','$2a$10$2IezRA14KMab3apaaAYhFe6s7JRCmLlcKleud3uoX2Tf/skiTvq5O','/imagefile/post/1719368135368-23.jpg','','','user23','ROLE_USER'),
('2024-06-26 10:29:22.145704',0,25,'2024-06-26 11:15:45.706910','user24@example.com','꽃잎향기','$2a$10$s1lfcAs4WMp7FsDgNX069.gxuEW3KhSyXnkCITvICnLavyesWcz7.','/imagefile/post/1719368145699-24.jpg','','','user24','ROLE_USER'),
('2024-06-26 10:29:22.232837',0,26,'2024-06-26 11:15:56.131428','user25@example.com','별구름','$2a$10$OfMlZJqlzkcKyorLYdj/sOoVBkniX9Dj/3LCguYBJV1SKkDhKQCmC','/imagefile/post/1719368156124-25.jpg','','','user25','ROLE_USER'),
('2024-06-26 10:29:22.325211',0,27,'2024-06-26 11:16:08.862100','user26@example.com','요리비책','$2a$10$9QPGG8Jel5qy2SLc7lY0quhey0g5vSLx7YsCUgbhVde0Nz6lHlzZ.','/imagefile/post/1719368168855-26.jpg','','','user26','ROLE_USER'),
('2024-06-26 10:29:22.442840',0,28,'2024-06-26 11:16:21.450305','user27@example.com','요리의신','$2a$10$Sf3dmFQgDdupIkdXehqkteZ8ZDCAwSj076pBu8jfkPnvmwMYb0Ri.','/imagefile/post/1719368181444-27.jpg','','','user27','ROLE_USER'),
('2024-06-26 10:29:22.547574',0,29,'2024-06-26 11:16:32.252916','user28@example.com','요리초보','$2a$10$hrP97DzrL15r/W/6VU2UY.81DsLNA9cmBQPGmsDC6WgBS164Lvzjy','/imagefile/post/1719368192246-28.jpg','','','user28','ROLE_USER'),
('2024-06-26 10:29:22.637079',0,30,'2024-06-26 11:16:42.506879','user29@example.com','주방초보','$2a$10$XLmlwIbW1oLjlt7olBJ38u4KhIGg9rqYV6QPT11CT0ED94UCke4kG','/imagefile/post/1719368202499-29.jpg','','','user29','ROLE_USER'),
('2024-06-26 10:29:22.766403',0,31,'2024-06-26 11:16:51.581698','user30@example.com','주방장인','$2a$10$YgDtDCDPo9y/Lmhlf0YKlOtuUNTtz9SkXVA6tjmhVi4I6d3mh7k/y','/imagefile/post/1719368211574-30.jpg','','','user30','ROLE_USER'),
('2024-06-26 10:29:22.880124',0,32,'2024-06-26 11:17:02.415109','user31@example.com','요리의달인','$2a$10$nlvWj0FT.gIvy9mawdHuiOC26ADI4NUv63U0C49alq7ie.eFqfHTW','/imagefile/post/1719368222396-31.jpg','','','user31','ROLE_USER'),
('2024-06-26 10:29:23.078730',0,33,'2024-06-26 11:17:12.546827','user32@example.com','맛초보','$2a$10$4YyLdTa/SgANHXUq4EReMuakMAaqU8dYnwGlVmWP00i7cs3tg5eCW','/imagefile/post/1719368232540-32.jpg','','','user32','ROLE_USER'),
('2024-06-26 10:29:23.258595',0,34,'2024-06-26 11:17:22.774309','user33@example.com','주방의달인','$2a$10$Y/CWjOu7bS7Ko9IsYRThTOwm.S4LZEOBqDJ82ldl14K3rDTKrCPG2','/imagefile/post/1719368242764-33.jpg','','','user33','ROLE_USER'),
('2024-06-26 10:29:23.461301',0,35,'2024-06-26 11:17:33.302154','user34@example.com','맛있는향기','$2a$10$jU/Rv4s7nIaQM9TLu.sIzOpQexdzV3574.jAboVHtLkwTPF8IRuDq','/imagefile/post/1719368253296-34.jpg','','','user34','ROLE_USER'),
('2024-06-26 10:29:23.628470',0,36,'2024-06-26 11:17:44.114363','user35@example.com','요리전문가','$2a$10$afaDYw20vAaTVvydfeqawuq2VL98UopbcIibZMB8y30/cOkKOd5Iy','/imagefile/post/1719368264109-35.jpg','','','user35','ROLE_USER'),
('2024-06-26 10:29:23.718082',0,37,'2024-06-26 11:17:54.735717','user36@example.com','요리사랑','$2a$10$71WP0LyU3Od64KS4xw.Oq.fLWiUoObkD/ECzvuDLTLuGZ65RfQHCS','/imagefile/post/1719368274728-36.jpg','','','user36','ROLE_USER'),
('2024-06-26 10:29:23.809601',0,38,'2024-06-26 11:18:04.126085','user37@example.com','주방고수','$2a$10$lBNcJ.igFS4UtojF/POXM.o9NkpHCscnOC1DSZED7yLGzfYEV65hi','/imagefile/post/1719368284117-37.jpg','','','user37','ROLE_USER'),
('2024-06-26 10:29:23.917611',0,39,'2024-06-26 11:18:16.551765','user38@example.com','새내기요리사','$2a$10$JHSxLnVxvpdBSasFF/c4ked5z13aFac9QCvMmvobY5EHHmy6u69Zq','/imagefile/post/1719368296544-38.jpeg','','','user38','ROLE_USER'),
('2024-06-26 10:29:24.023520',0,40,'2024-06-26 11:18:27.016590','user39@example.com','요리수련생','$2a$10$hlwzYX.ohtGTTIEgrZAZ1eYeOw68sd4NpOCUpTZyzCfBCwIoG.ktm','/imagefile/post/1719368306999-39.jpeg','','','user39','ROLE_USER'),
('2024-06-26 10:29:24.112164',0,41,'2024-06-26 11:18:36.405302','user40@example.com','해바라기','$2a$10$QaHdmONXgermOpJBCSdN.OjWHIDB2krBwYsW8a4xkn4Usrv8sHeTS','/imagefile/post/1719368316398-40.jpeg','','','user40','ROLE_USER'),
('2024-06-26 10:29:24.262399',0,42,'2024-06-26 11:18:48.034794','user41@example.com','요리마스터','$2a$10$fWk4PEp0fpswp2taN5APWeqcERIYi803wOCfLxRTs4YuJ/rRHBvAm','/imagefile/post/1719368328029-41.jpeg','','','user41','ROLE_USER'),
('2024-06-26 10:29:24.446488',0,43,'2024-06-26 11:18:59.022687','user42@example.com','주방새내기','$2a$10$yR7j/Szxu88de4arrzYww.gFTgcchavYddLTkaYVZj/eq6Pub8ZT6','/imagefile/post/1719368339016-43.jpeg','','','user42','ROLE_USER'),
('2024-06-26 10:29:24.593243',0,44,'2024-06-26 10:29:24.593243','user43@example.com','요리명인','$2a$10$ESlcVZBYMktb2iljaMCP.exC/sL7KX8zncfz4LBh8nZWxCQ8kMoru',NULL,'','','user43','ROLE_USER'),
('2024-06-26 10:29:24.751481',0,45,'2024-06-26 11:19:10.284851','user44@example.com','무지개다리','$2a$10$WucDWulyhQj681TEaiBHp.yrUR3tdQ73eOgb6646SonXJwPwxKJN6','/imagefile/post/1719368350278-44.jpeg','','','user44','ROLE_USER'),
('2024-06-26 10:29:24.859136',0,46,'2024-06-26 11:19:21.708420','user45@example.com','물방울향기','$2a$10$dX.vbjj0823lsctuZGslwuGwHLzq02i3nqqg0zi29B.h4o.E.DN0W','/imagefile/post/1719368361701-45.jpeg','','','user45','ROLE_USER'),
('2024-06-26 10:29:24.945378',0,47,'2024-06-26 11:19:36.371788','user46@example.com','달토끼','$2a$10$xI/e5ieB0C5MBOJNGB45peBLD4v.LSozTGxYq9WZZvGr/NfrwuCFS','/imagefile/post/1719368376366-46.jpeg','','','user46','ROLE_USER'),
('2024-06-26 10:29:25.046870',0,48,'2024-06-26 11:19:46.867724','user47@example.com','맛의마법사','$2a$10$YEOfHSnnGzhfswhOFizpvOTkpmm77cjMxV/4uNLS2eZHSiYfS86OG','/imagefile/post/1719368386861-50.jpg','','','user47','ROLE_USER'),
('2024-06-26 10:29:25.155367',0,49,'2024-06-26 11:20:01.178591','user48@example.com','맛있는이야기','$2a$10$ZT1IHxxU.QcA8M0tnn7DoOxvpZqyOWwDdFa/TzuRvRoHGgGq2zHsu','/imagefile/post/1719368401171-48.jpeg','','','user48','ROLE_USER'),
('2024-06-26 10:29:25.304664',0,50,'2024-06-26 11:20:15.140674','user49@example.com','맛의명인','$2a$10$GPPhOuG2fNUPIZ5oMPM3SOvSIp9hRJy88LxNxkwW.l9UmEh./1QZm','/imagefile/post/1719368415134-49.jpg','','','user49','ROLE_USER'),
('2024-06-26 10:29:25.447929',0,51,'2024-06-26 11:20:25.144315','user50@example.com','구름산책','$2a$10$nhT6ah1qqyiDB2Q3t5dH9uDSmO4q/2RP2Bsa7OzYjyQQEvQe7oAGK','/imagefile/post/1719368425137-47.jpeg','','','user50','ROLE_USER'),
('2024-06-26 15:13:20.040326',0,52,'2024-06-26 15:16:28.756071','dbyo1125@naver.com','유필선','$2a$10$bFQltZ6ocyTrMs5Bs84xvuMRdePCJL43mFXCULSZaI.Hf.KSNgUAC','https://github.com/Junsu-Ahn/cookers/assets/134615615/5c0de0e0-b917-47ae-94d4-d8ad366dce7f',NULL,NULL,'vlftjs','ROLE_USER');

/*Table structure for table `ranking` */

DROP TABLE IF EXISTS `ranking`;

CREATE TABLE `ranking` (
  `create_date` datetime(6) DEFAULT NULL,
  `hit` bigint(20) DEFAULT NULL,
  `id` bigint(20) NOT NULL AUTO_INCREMENT,
  `member_id` bigint(20) DEFAULT NULL,
  `modify_date` datetime(6) DEFAULT NULL,
  `thumnail_img` varchar(255) DEFAULT NULL,
  PRIMARY KEY (`id`),
  UNIQUE KEY `UK_aj7jw3gvdc19g70b0gpjljksc` (`member_id`),
  CONSTRAINT `FK71val7a5reftq81x8yeku1q0l` FOREIGN KEY (`member_id`) REFERENCES `member` (`id`)
) ENGINE=InnoDB DEFAULT CHARSET=utf8mb4 COLLATE=utf8mb4_general_ci;

/*Data for the table `ranking` */

/*Table structure for table `recipe` */

DROP TABLE IF EXISTS `recipe`;

CREATE TABLE `recipe` (
  `recipe_level` int(11) NOT NULL,
  `view` int(11) NOT NULL DEFAULT 0,
  `author_id` bigint(20) DEFAULT NULL,
  `create_date` datetime(6) DEFAULT NULL,
  `hit` bigint(20) NOT NULL,
  `id` bigint(20) NOT NULL AUTO_INCREMENT,
  `modify_date` datetime(6) DEFAULT NULL,
  `category_value` varchar(255) DEFAULT NULL,
  `content` varchar(255) DEFAULT NULL,
  `filename` varchar(255) DEFAULT NULL,
  `filepath` varchar(255) DEFAULT NULL,
  `nickname` varchar(255) DEFAULT NULL,
  `subject` varchar(255) DEFAULT NULL,
  `thumnail_img` varchar(255) DEFAULT NULL,
  `title` varchar(255) DEFAULT NULL,
  PRIMARY KEY (`id`),
  KEY `FKdlr385ql830qktx5n0mjmax19` (`author_id`),
  CONSTRAINT `FKdlr385ql830qktx5n0mjmax19` FOREIGN KEY (`author_id`) REFERENCES `member` (`id`)
) ENGINE=InnoDB AUTO_INCREMENT=27 DEFAULT CHARSET=utf8mb4 COLLATE=utf8mb4_general_ci;

/*Data for the table `recipe` */

insert  into `recipe`(`recipe_level`,`view`,`author_id`,`create_date`,`hit`,`id`,`modify_date`,`category_value`,`content`,`filename`,`filepath`,`nickname`,`subject`,`thumnail_img`,`title`) values 
(1,4340,2,'2024-06-26 10:32:14.632469',43,1,'2024-06-26 15:34:38.064663','밥요리','귀찮을 때, 급할 때 간단하게 종종 해 먹는 간장계란밥이랍니다.\r\n','1.jpg','/imagefile/post/f77ad23e-5ac3-44d0-b758-90e4042aa846_1.jpg',NULL,'너무 쉬운 간장계란밥 ~ 초간단 레시피',NULL,'간단한 간장계란밥 !'),
(2,1352,2,'2024-06-26 10:34:06.946368',242,2,'2024-06-26 10:34:06.946368','밥요리','보들보들 게살이 듬뿍 들어가서\r\n맛이 최고 또 최고! 게살볶음밥♥','1.jpg','/imagefile/post/429583dd-3fbe-43f9-b23c-648bccee5e1c_1.jpg',NULL,'보들보들 게살이 듬뿍! 게살볶음밥',NULL,'게살 볶음밥'),
(2,2239,2,'2024-06-26 10:37:26.048793',32,3,'2024-06-26 14:39:18.247898','밥요리','요리다나와에서도 백종원 레시피를 준비했답니다!ㅋㅋ 오늘은 너도나도 즐겨먹는 김치볶음밥 황금레시피~ 반찬 없을때 김치볶음밥 만들어서 한끼 뚝딱!','1.jpg','/imagefile/post/347a4c6a-4d68-4540-8e76-1617c2459ab7_1.jpg',NULL,'백종원 김치볶음밥 황금레시피! 요리다나와의 집밥백선생 따라잡기',NULL,'백종원 김치볶음밥'),
(3,182,2,'2024-06-26 10:39:26.582338',54,4,'2024-06-26 10:39:26.582338','밥요리','쫄깃쫄깃 꼬막 다듬는 법부터\r\n맛있는 양념장 만드는 법까지! 하나부터 열까지 알려드릴께요 : )\r\n요대로만 따라하시면 맛있는 꼬막비빔밥 완성!\r\n','1.png','/imagefile/post/97f92586-3c20-4a69-9f3f-a91805c71876_1.png',NULL,'꼬막비빔밥 1부터 10까지 알려드릴께요☆',NULL,'꼬막비빔밥 만들기!'),
(3,2315,2,'2024-06-26 10:42:25.072208',124,5,'2024-06-26 10:42:25.072208','밥요리','입맛 없을때, 매운거 땡길때, 당면이 먹고싶을때! 별미로 해먹을수 있는 매운잡채덮밥\r\n','1.jpg','/imagefile/post/6bc300e5-5ed0-408a-8102-a2a5b1d77a84_1.jpg',NULL,'매콤해서 더욱 별미인 매운 잡채 덮밥!',NULL,'매운 잡채덮밥 !'),
(3,2235,3,'2024-06-26 10:46:02.506920',142,6,'2024-06-26 10:46:02.506920','밥요리','가지의 효능을 구글의 힘을 빌어 살펴 볼게요. 장기능강화 ; 가지의 식이섬유는 변비를 개선하고 장을 깨끗하게 한다 항암효과 ; 가지의 폴리페놀 성분은 암 억제율이 80% 해열치료 ; 가지의 찬 성분이 몸에 열이 많은 사람의 체질을 개선해 준다 몸이 찬 사람은 주의! 고혈압치료 ; 혈압을 낮추며 피를 맑게 해 주어 고지혈증에 좋다 염증치료 ; 가지의 차가운 성질은 염증치료에도 좋다 피로회복 ; 가지에는 기본 비타민 함유량이 높아 세포의 스트레스를 없애주어','1.jpg','/imagefile/post/3e76e7a7-0ce7-4b8a-9db6-345c2282fc70_1.jpg',NULL,'가지밥 중에 최고! ;백종원 가지밥',NULL,'백종원 가지밥 만들기 !'),
(2,983,3,'2024-06-26 10:48:10.652036',26,7,'2024-06-26 14:43:39.718900','밥요리','중국집에서 볶음밥을 좋아하는데 매번 중국집에 갈수 없으니 집에서 백선생님이 알려주신 레시피로 만들어 먹어보세요.\r\n','1.jpg','/imagefile/post/d169822d-7f65-460a-adc4-6f053138fd2b_1.jpg',NULL,'중국집 볶음밥 부럽지 않은 백종원 새우볶음밥 레시피',NULL,'중국집 새우볶음밥 !'),
(2,922,3,'2024-06-26 10:49:48.897643',186,8,'2024-06-26 14:52:38.770394','밥요리','혼밥을 해도 맛있게 먹어줄 수 있는 메뉴, 바로 스팸마요덮밥 이랍니다.\r\n아이들이 좋아하는 햄을 계란과 양파를 활용해서 만든 간단한 한그릇 음식으로 혼자서 맛있게 즐겨 줄 수 있는 혼밥메뉴 랍니다.\r\n달큰한 양파를 볶아서 햄과 함께 마요네즈 소스 촥~ 뿌려주기만 하면 되는 간단하지만 맛있는 집밥 레시피 랍니다.','1.jpg','/imagefile/post/5fa0c7f2-6e20-4843-85f2-2efd47735ffd_1.jpg',NULL,'스팸마요덮밥 간단한 혼밥 메뉴로 좋아요~',NULL,'스팸 마요 덮밥 !'),
(3,803,3,'2024-06-26 10:51:56.716295',30,9,'2024-06-26 10:51:56.716295','밥요리','오늘은 재빨리 휘리릭 볶아 맛있게 드실 수 있는 한그릇 음식 올립니다.\r\n김치 한가지 올려도 부족하지 않은 음식이죠.\r\n한국 잡채와는 달리 조금 촉촉하게 만들어 방금 지은 밥에 쫄깃한 볶음잡채 올려\r\n함께 먹으면 한그릇 뚝딱입니다.^^','1.jpg','/imagefile/post/a86b42e6-eb7a-4ac7-86c8-7af95e5c6da1_1.jpg',NULL,'중국식 잡채밥',NULL,'중국식 잡채밥 만들어보자'),
(2,728,4,'2024-06-26 10:53:58.590898',130,10,'2024-06-26 10:53:58.590898','국 & 찌개','밥귀신 고기귀신인 남편이 좋아할만한 요리가 뭐없을까 생각하다가 밥에 쓱쓱 비벼먹을 수 있게 짜글이를 끓여봤어요:D','1.jpg','/imagefile/post/509a71d8-ed5d-47bd-8922-7d3776d265ff_1.jpg',NULL,'얼큰하고 구수한 대패삼겹 감자짜글이:D',NULL,'감자 짜글이'),
(3,1111,4,'2024-06-26 10:55:54.925040',221,11,'2024-06-27 13:21:40.276593','국 & 찌개','팽이버섯 구입하면 항상 조금씩 남는 경우가 많은데 그럴때 후다닥 초간단하게 팽이버섯 넣은 계란국을 끓여요. 계란만 넣고 끓이는 계란국보다는 오독 식감이 좋은 팽이 버섯을 넣고 끓이면 더 맛있는 계란국이 완성돼죠!! 오늘의 요리 \"팽이버섯 계란국 \" 만들어 보아요.','1.jpg','/imagefile/post/55ff3a26-99c7-44eb-b4a3-7894d011ec0e_1.jpg',NULL,'팽이버섯 파 계란국 레시피',NULL,'파 계란국 만들기!'),
(2,652,4,'2024-06-26 10:57:39.514534',11,12,'2024-06-26 10:57:39.514534','국 & 찌개','일상에서 흔히 만들어먹는 찌개가 지겨울때 간편한 차돌박이감자탕(감자고추장찌개) 끓여보세요~','1.jfif','/imagefile/post/0cd26c97-a340-43eb-b93a-a93bd388fde8_1.jfif',NULL,'차돌박이 감자 고추장찌개',NULL,'고추장 찌개 만들기!'),
(1,403,4,'2024-06-26 10:59:30.178759',121,13,'2024-06-26 10:59:30.178759','밥요리','집에서 간단하게 만들어먹는 참치비빔밥. 간단하지만 맛은 훌륭합니다!\r\n','1.jpg','/imagefile/post/d56d2547-5425-45cd-bea7-acbbf58a729f_1.jpg',NULL,'참치 비빔밥',NULL,'참치비빔밥 두둥 !'),
(2,575,5,'2024-06-26 11:09:23.235964',72,14,'2024-06-26 11:09:23.235964','밥요리','간단한 재료로 후다닥 만들어 먹는 초간단 일품 요리인 카레달걀볶음밥입니다. 은근한 카레향이 코를 자극해 식욕을 당기고 달걀과 각종 채소가 어울려져 담백하면서 고소합니다.','1.jpg','/imagefile/post/7ee5930c-f42d-4e3c-8bf3-36eae32d992c_1.jpg',NULL,'카레달걀볶음밥 (계란볶음밥 / 카레볶음밥)',NULL,'카레 달걀 볶음밥 만들기'),
(1,535,5,'2024-06-26 11:11:49.291242',31,15,'2024-06-26 11:11:49.291242','밥요리','유투브 보다가 알게 된 음식이예요. 밥 하기 싫고 국 끓이기도 귀찮아서 찬밥으로 한번 해본건데 와...진짜 맛있어요! 하나 만들면 둘이 먹을만큼 양도 많아요! 전 밥 말아먹을 때 신라면보다 진라면이 맛있어서 진라면으로 했는데 라면은 아무거나 도전해보세요~','1.jpg','/imagefile/post/7d1d6a3f-d4ce-4ed8-8fb1-2ec93dbdc60b_1.jpg',NULL,'진라면으로 만든 컵라면 볶음밥 후딱레시피',NULL,'컵라면 볶음밥 !'),
(2,511,6,'2024-06-26 11:23:01.415904',55,16,'2024-06-26 11:23:01.415904','국 & 찌개','향긋한 달래가 올라간\r\n구수한 달래된장찌개♥','1.png','/imagefile/post/ba6cdb8e-5fbc-4fc1-bc8e-ce15c62c74c8_1.png',NULL,'그리운 손맛이 생각날때는♥달래된장찌개',NULL,'달래 된장찌개 !'),
(1,461,6,'2024-06-26 11:26:31.953960',95,17,'2024-06-26 11:26:31.953960','간식 & 분식','누구나 쉽게 따라할 수 있는 마성의 레시피 분식집 떡볶이 만드는법 분식집 떡볶이 레시피\r\n','1.jpg','/imagefile/post/eed51389-616d-49a7-8b54-dfa2745522f6_1.jpg',NULL,'누구나 인정하는 분식집 떡볶이를 쉽게 만들어 보아요',NULL,'분식집 떡볶이 만들기 !'),
(1,429,6,'2024-06-26 11:29:35.519277',129,18,'2024-06-26 11:29:35.519277','디저트','에어프라이어 진미채 버터구이 맛있게 만드는법\r\n','1.jpg','/imagefile/post/61bdd7ec-e6f9-473b-95d1-93d0869c4665_1.jpg',NULL,'자꾸 손이가는 주전부리 진미채구이 만들어 볼께요.',NULL,'진미채 버터구이 !'),
(2,349,7,'2024-06-26 11:32:15.627036',229,19,'2024-06-26 11:32:15.627036','기타요리','추억의 계란빵! 콘옥수수가 들어가 더 맛있어요~!^^\r\n','1.jpg','/imagefile/post/c7cef3ca-cc1c-4f68-a34d-8ff7b7e19365_1.jpg',NULL,'톡톡 터지는 옥수수의 식감이 좋은 \"콘에그빵\" 만들기',NULL,'콘에그빵 !'),
(4,717,8,'2024-06-26 11:41:27.826614',129,20,'2024-06-26 15:02:01.296790','국 & 찌개','소불고기를 볶아서 먹어도 참 맛있지만 호로록 당면과 뜨끈한 국물까지 함께 먹을 수 있어 참 좋은 오늘의 요리 \" 뚝배기 당면 소불고기 \" 만들어보아요.','1.jpg','/imagefile/post/f571fe9a-014b-4f6f-ac96-f93030b8bf76_1.jpg',NULL,'국물이 시원한 뚝배기 당면 소불고기 레시피',NULL,'한! 뚝배기 불고기 ㅎ'),
(3,281,8,'2024-06-26 11:44:05.292664',31,21,'2024-06-26 11:44:05.292664','국 & 찌개','집에서 끓이는 부대찌개! 육수가 젤 관건인데요\r\n사골육수 하나면 간의 기본은 해결된답니다\r\n맛있는 양념장 만들어 집에서도 쉽게 부대찌개를 만들어보아요','1.jpg','/imagefile/post/2b1e1d4e-8e63-4d43-b37a-9e93c647a0c6_1.jpg',NULL,'사골육수로 간단하게 부대찌개 끓이기',NULL,'부대 찌개 만들기 !'),
(4,211,8,'2024-06-26 11:47:07.370871',67,22,'2024-06-26 11:47:25.394790','면요리','정통 까르보나라에는 크림이 들어 가지 않습니다. 계란 노른자와 치즈로 크림 소스를 만듭니다. 정통 까르보나라를 집에서 한끼 해먹으면 무언가 대접 받는 기분입니다. 기분 좋은 어느날, 집에 누가 놀러 온 어느날, 와인 함께 한끼 하고싶은 어느날 정통 까르보나라를 드셔보세요. 추천드립니다. 쉽게 레시피를 짰습니다. 어려운 부분은 댓글 주시면 바로 답변 드리겠습니다.','1.png','/imagefile/post/7878d6ef-73ad-4c5c-a81e-75b79c57aef8_1.png',NULL,'진짜 정통 \'까르보나라\'',NULL,'정통! 까르보나라'),
(2,520,9,'2024-06-26 11:50:00.107938',97,23,'2024-06-26 11:50:00.107938','샐러드','가지가 제철이라 한창 많이 나와있는 요즘 가지말이 샐러드는 더운 여름 불안쓰고 고급스럽게 먹을수 있어 좋답니다. 아삭아삭 씹히면서 담백하니 건강해서 더 좋은 가지말이 샐러드였어요.\r\n','a5c11f305402da20f9aa5a491ccc547e1.jpg','/imagefile/post/9a31ba4e-f6c9-4170-b267-f61241bba42a_a5c11f305402da20f9aa5a491ccc547e1.jpg',NULL,'돌돌말이 가지를 돌돌말이 ~',NULL,'가지말이 샐러드 만들기'),
(3,416,9,'2024-06-26 11:52:36.882642',117,24,'2024-06-26 11:52:36.882642','밑반찬','반찬이 없을 때 간단하게 만들 수 있는 스팸 계란말이.\r\n햄을 두툼하게 썰어 넣어 보기에도 좋고 맛도 좋아요.\r\n\r\n스팸 자체에 간이 되어있기 때문에\r\n계란, 햄 딱 2가지 재료만으로 뚝딱 만들 수 있는 초간단 요리 소개해요.\r\n','1.jpg','/imagefile/post/38b6f285-ebe4-4781-9060-231880480905_1.jpg',NULL,'스팸 계란말이 만들기 도시락반찬',NULL,'스팸 계란말이 만들기 !'),
(1,111,9,'2024-06-26 11:54:14.504249',21,25,'2024-06-26 11:54:14.504249','밑반찬','밥반찬이 없을때 오이만 덩그러니 냉장고에 있을때!\r\n','1.jpg','/imagefile/post/8f941022-4735-4378-bae7-e106cce56876_1.jpg',NULL,'오이무침이 2분만에 ?????',NULL,'2분 오이무침');

/*Table structure for table `recipe_recommendation` */

DROP TABLE IF EXISTS `recipe_recommendation`;

CREATE TABLE `recipe_recommendation` (
  `create_date` datetime(6) DEFAULT NULL,
  `id` bigint(20) NOT NULL AUTO_INCREMENT,
  `member_id` bigint(20) DEFAULT NULL,
  `modify_date` datetime(6) DEFAULT NULL,
  `recipe_id` bigint(20) DEFAULT NULL,
  `thumnail_img` varchar(255) DEFAULT NULL,
  PRIMARY KEY (`id`),
  KEY `FK551fesh59wnd8ra95aarrrqdy` (`member_id`),
  KEY `FKf267f7w0tnqpgo6e7iy6is89f` (`recipe_id`),
  CONSTRAINT `FK551fesh59wnd8ra95aarrrqdy` FOREIGN KEY (`member_id`) REFERENCES `member` (`id`),
  CONSTRAINT `FKf267f7w0tnqpgo6e7iy6is89f` FOREIGN KEY (`recipe_id`) REFERENCES `recipe` (`id`)
) ENGINE=InnoDB AUTO_INCREMENT=2 DEFAULT CHARSET=utf8mb4 COLLATE=utf8mb4_general_ci;

/*Data for the table `recipe_recommendation` */

insert  into `recipe_recommendation`(`create_date`,`id`,`member_id`,`modify_date`,`recipe_id`,`thumnail_img`) values 
('2024-06-26 15:18:42.392183',1,52,'2024-06-26 15:18:42.392183',1,NULL);

/*Table structure for table `seasoning` */

DROP TABLE IF EXISTS `seasoning`;

CREATE TABLE `seasoning` (
  `create_date` datetime(6) DEFAULT NULL,
  `id` bigint(20) NOT NULL AUTO_INCREMENT,
  `modify_date` datetime(6) DEFAULT NULL,
  `recipe_id` bigint(20) DEFAULT NULL,
  `name` varchar(255) DEFAULT NULL,
  `thumnail_img` varchar(255) DEFAULT NULL,
  `unit` varchar(255) DEFAULT NULL,
  PRIMARY KEY (`id`),
  KEY `FKnd84vnuw6y0vv3sulv7pdj67u` (`recipe_id`),
  CONSTRAINT `FKnd84vnuw6y0vv3sulv7pdj67u` FOREIGN KEY (`recipe_id`) REFERENCES `recipe` (`id`)
) ENGINE=InnoDB AUTO_INCREMENT=125 DEFAULT CHARSET=utf8mb4 COLLATE=utf8mb4_general_ci;

/*Data for the table `seasoning` */

insert  into `seasoning`(`create_date`,`id`,`modify_date`,`recipe_id`,`name`,`thumnail_img`,`unit`) values 
('2024-06-26 10:32:14.708265',1,'2024-06-26 10:32:14.708265',1,'간장',NULL,'2큰술'),
('2024-06-26 10:32:14.715265',2,'2024-06-26 10:32:14.715265',1,'참기름',NULL,'2큰술'),
('2024-06-26 10:32:14.718418',3,'2024-06-26 10:32:14.718418',1,'통깨',NULL,''),
('2024-06-26 10:32:14.721469',4,'2024-06-26 10:32:14.721469',1,'기',NULL,''),
('2024-06-26 10:34:07.012992',5,'2024-06-26 10:34:07.012992',2,'굴소스',NULL,'2T'),
('2024-06-26 10:37:26.093452',6,'2024-06-26 10:37:26.093452',3,'고춧가루',NULL,'1/2T'),
('2024-06-26 10:37:26.095356',7,'2024-06-26 10:37:26.095356',3,'간장',NULL,'1T'),
('2024-06-26 10:37:26.098357',8,'2024-06-26 10:37:26.098357',3,'설탕',NULL,'1꼬집'),
('2024-06-26 10:37:26.101448',9,'2024-06-26 10:37:26.101448',3,'참기름',NULL,'약간'),
('2024-06-26 10:37:26.104377',10,'2024-06-26 10:37:26.104377',3,'청양고추',NULL,'적당'),
('2024-06-26 10:39:26.650904',11,'2024-06-26 10:39:26.650904',4,'간장',NULL,'4숟가락'),
('2024-06-26 10:39:26.652914',12,'2024-06-26 10:39:26.652914',4,'고춧가루',NULL,'2숟가락'),
('2024-06-26 10:39:26.654919',13,'2024-06-26 10:39:26.654919',4,'맛술',NULL,'1숟가락'),
('2024-06-26 10:39:26.655951',14,'2024-06-26 10:39:26.655951',4,'올리고당',NULL,'1숟가락'),
('2024-06-26 10:39:26.658241',15,'2024-06-26 10:39:26.658241',4,'통깨',NULL,'1숟가락'),
('2024-06-26 10:39:26.659257',16,'2024-06-26 10:39:26.659257',4,'다진마늘',NULL,'1숟가락'),
('2024-06-26 10:39:26.661243',17,'2024-06-26 10:39:26.661243',4,'참기름',NULL,'1숟가'),
('2024-06-26 10:42:25.095461',18,'2024-06-26 10:42:25.095461',5,'고추장',NULL,'1스푼'),
('2024-06-26 10:42:25.096545',19,'2024-06-26 10:42:25.096545',5,'고춧가루',NULL,'2~3스푼'),
('2024-06-26 10:42:25.098466',20,'2024-06-26 10:42:25.098466',5,'간장',NULL,'1스푼'),
('2024-06-26 10:42:25.100495',21,'2024-06-26 10:42:25.100495',5,'청주',NULL,'1스푼'),
('2024-06-26 10:42:25.101556',22,'2024-06-26 10:42:25.101556',5,'굴소스',NULL,'0.5스푼'),
('2024-06-26 10:42:25.103457',23,'2024-06-26 10:42:25.103457',5,'참기름',NULL,'1스푼'),
('2024-06-26 10:42:25.104458',24,'2024-06-26 10:42:25.104458',5,'다진마늘',NULL,'1스푼'),
('2024-06-26 10:42:25.105460',25,'2024-06-26 10:42:25.105460',5,'다진고추',NULL,'1스푼'),
('2024-06-26 10:42:25.108461',26,'2024-06-26 10:42:25.108461',5,'다진파',NULL,'1스푼'),
('2024-06-26 10:42:25.109466',27,'2024-06-26 10:42:25.109466',5,'올리고당',NULL,'1스'),
('2024-06-26 10:46:02.527928',28,'2024-06-26 10:46:02.527928',6,'부추',NULL,'1/2컵'),
('2024-06-26 10:46:02.528927',29,'2024-06-26 10:46:02.528927',6,'파',NULL,'1/2컵'),
('2024-06-26 10:46:02.530910',30,'2024-06-26 10:46:02.530910',6,'마늘',NULL,'1/2큰술'),
('2024-06-26 10:46:02.531415',31,'2024-06-26 10:46:02.531415',6,'고춧가루',NULL,'2큰술'),
('2024-06-26 10:46:02.533428',32,'2024-06-26 10:46:02.533428',6,'설탕',NULL,'약간'),
('2024-06-26 10:46:02.534428',33,'2024-06-26 10:46:02.534428',6,'참기름',NULL,'약간'),
('2024-06-26 10:46:02.536424',34,'2024-06-26 10:46:02.536424',6,'통깨',NULL,'적당량'),
('2024-06-26 10:46:02.537424',35,'2024-06-26 10:46:02.537424',6,'간장',NULL,'적당'),
('2024-06-26 10:48:10.677756',36,'2024-06-26 10:48:10.677756',7,'간장',NULL,'1t'),
('2024-06-26 10:48:10.677756',37,'2024-06-26 10:48:10.677756',7,'참기름',NULL,'1t'),
('2024-06-26 10:48:10.678758',38,'2024-06-26 10:48:10.678758',7,'통',NULL,'살짝'),
('2024-06-26 10:49:48.911090',39,'2024-06-26 10:49:48.911090',8,'마요네즈',NULL,''),
('2024-06-26 10:49:48.912096',40,'2024-06-26 10:49:48.912096',8,'간장',NULL,'3큰술'),
('2024-06-26 10:49:48.913547',41,'2024-06-26 10:49:48.913547',8,'맛술',NULL,'2큰술'),
('2024-06-26 10:49:48.914553',42,'2024-06-26 10:49:48.914553',8,'올리고당',NULL,'1큰'),
('2024-06-26 10:51:56.731131',43,'2024-06-26 10:51:56.731131',9,'물',NULL,'1컵'),
('2024-06-26 10:51:56.732131',44,'2024-06-26 10:51:56.732131',9,'간장',NULL,'5큰술'),
('2024-06-26 10:51:56.733169',45,'2024-06-26 10:51:56.733169',9,'굴소스',NULL,'2큰술'),
('2024-06-26 10:51:56.733169',46,'2024-06-26 10:51:56.733169',9,'설탕',NULL,'1+1/2큰술'),
('2024-06-26 10:51:56.734257',47,'2024-06-26 10:51:56.734257',9,'다진마늘',NULL,'1작은술'),
('2024-06-26 10:51:56.735229',48,'2024-06-26 10:51:56.735229',9,'통깨',NULL,''),
('2024-06-26 10:51:56.737130',49,'2024-06-26 10:51:56.737130',9,'후',NULL,''),
('2024-06-26 10:53:58.603006',50,'2024-06-26 10:53:58.603006',10,'된장',NULL,'3숟가락'),
('2024-06-26 10:53:58.603902',51,'2024-06-26 10:53:58.603902',10,'고추장',NULL,'2숟가락'),
('2024-06-26 10:53:58.604903',52,'2024-06-26 10:53:58.604903',10,'국간장',NULL,'1숟가락'),
('2024-06-26 10:53:58.605902',53,'2024-06-26 10:53:58.605902',10,'후',NULL,'약간'),
('2024-06-26 10:55:54.939865',54,'2024-06-26 10:55:54.939865',11,'후추',NULL,''),
('2024-06-26 10:55:54.940866',55,'2024-06-26 10:55:54.940866',11,'소금',NULL,''),
('2024-06-26 10:55:54.941870',56,'2024-06-26 10:55:54.941870',11,'국간장',NULL,'2.5스푼'),
('2024-06-26 10:55:54.942864',57,'2024-06-26 10:55:54.942864',11,'물',NULL,'1300ml'),
('2024-06-26 10:57:39.525781',58,'2024-06-26 10:57:39.525781',12,'다진마늘',NULL,''),
('2024-06-26 10:57:39.526859',59,'2024-06-26 10:57:39.526859',12,'국간장',NULL,'1T'),
('2024-06-26 10:57:39.527787',60,'2024-06-26 10:57:39.527787',12,'참기름',NULL,'1t'),
('2024-06-26 10:57:39.527787',61,'2024-06-26 10:57:39.527787',12,'물',NULL,'4C'),
('2024-06-26 10:57:39.528787',62,'2024-06-26 10:57:39.528787',12,'감자',NULL,''),
('2024-06-26 10:57:39.530246',63,'2024-06-26 10:57:39.530246',12,'고추장',NULL,'3T'),
('2024-06-26 10:57:39.531314',64,'2024-06-26 10:57:39.531314',12,'된장',NULL,'1T'),
('2024-06-26 10:57:39.533258',65,'2024-06-26 10:57:39.533258',12,'고춧가루',NULL,'1T'),
('2024-06-26 10:59:30.192422',66,'2024-06-26 10:59:30.192422',13,'고추장',NULL,'1.5스푼'),
('2024-06-26 10:59:30.193401',67,'2024-06-26 10:59:30.193401',13,'고춧가루',NULL,'1큰술'),
('2024-06-26 10:59:30.194421',68,'2024-06-26 10:59:30.194421',13,'간장',NULL,'1큰술'),
('2024-06-26 10:59:30.195305',69,'2024-06-26 10:59:30.195305',13,'설탕',NULL,'1큰술'),
('2024-06-26 10:59:30.196306',70,'2024-06-26 10:59:30.196306',13,'올리고당',NULL,'1큰술'),
('2024-06-26 10:59:30.198350',71,'2024-06-26 10:59:30.198350',13,'참기름',NULL,'1큰'),
('2024-06-26 11:09:23.254152',72,'2024-06-26 11:09:23.254152',14,'카레가루',NULL,'1/2'),
('2024-06-26 11:11:49.304803',73,'2024-06-26 11:11:49.304803',15,'소금',NULL,'약간'),
('2024-06-26 11:11:49.305804',74,'2024-06-26 11:11:49.305804',15,'후추',NULL,'약'),
('2024-06-26 11:23:01.427630',75,'2024-06-26 11:23:01.427630',16,'된장',NULL,'2숟가락'),
('2024-06-26 11:23:01.428637',76,'2024-06-26 11:23:01.428637',16,'고춧가루',NULL,'1숟가락'),
('2024-06-26 11:23:01.428637',77,'2024-06-26 11:23:01.428637',16,'다진마늘',NULL,'1/2숟가'),
('2024-06-26 11:26:31.960541',78,'2024-06-26 11:26:31.960541',17,'고운 고춧가루',NULL,'4큰술'),
('2024-06-26 11:26:31.960541',79,'2024-06-26 11:26:31.960541',17,'굵은 고춧가루',NULL,'2큰술'),
('2024-06-26 11:26:31.961541',80,'2024-06-26 11:26:31.961541',17,'설탕',NULL,'2큰술'),
('2024-06-26 11:26:31.961541',81,'2024-06-26 11:26:31.961541',17,'물엿',NULL,'3큰술'),
('2024-06-26 11:26:31.962549',82,'2024-06-26 11:26:31.962549',17,'소고기 다시다',NULL,'1/2큰술'),
('2024-06-26 11:26:31.963543',83,'2024-06-26 11:26:31.963543',17,'미원',NULL,'1/2큰술'),
('2024-06-26 11:26:31.964553',84,'2024-06-26 11:26:31.964553',17,'후추',NULL,'약간'),
('2024-06-26 11:29:35.530313',85,'2024-06-26 11:29:35.530313',18,'후추',NULL,'약간'),
('2024-06-26 11:29:35.530313',86,'2024-06-26 11:29:35.530313',18,'버터',NULL,'3T'),
('2024-06-26 11:32:15.634192',87,'2024-06-26 11:32:15.634192',19,'설탕',NULL,'80g'),
('2024-06-26 11:32:15.635197',88,'2024-06-26 11:32:15.635197',19,'소금',NULL,'3g'),
('2024-06-26 11:32:15.636212',89,'2024-06-26 11:32:15.636212',19,'콘옥수수',NULL,'적당'),
('2024-06-26 11:41:27.838615',90,'2024-06-26 11:41:27.838615',20,'간장',NULL,'6스푼'),
('2024-06-26 11:41:27.839618',91,'2024-06-26 11:41:27.839618',20,'올리고당',NULL,'1스푼'),
('2024-06-26 11:41:27.840615',92,'2024-06-26 11:41:27.840615',20,'설탕',NULL,'1/2스푼'),
('2024-06-26 11:41:27.841615',93,'2024-06-26 11:41:27.841615',20,'다진마늘',NULL,'1스푼'),
('2024-06-26 11:41:27.842618',94,'2024-06-26 11:41:27.842618',20,'참기름',NULL,'1스푼'),
('2024-06-26 11:41:27.843873',95,'2024-06-26 11:41:27.843873',20,'깨',NULL,'1스푼'),
('2024-06-26 11:41:27.843873',96,'2024-06-26 11:41:27.843873',20,'물',NULL,'약'),
('2024-06-26 11:44:05.303435',97,'2024-06-26 11:44:05.303435',21,'고춧가루',NULL,'1스푼'),
('2024-06-26 11:44:05.304318',98,'2024-06-26 11:44:05.304318',21,'고추장',NULL,'1스푼'),
('2024-06-26 11:44:05.305313',99,'2024-06-26 11:44:05.305313',21,'간장',NULL,'1스푼'),
('2024-06-26 11:44:05.306315',100,'2024-06-26 11:44:05.306315',21,'설탕',NULL,'1스푼'),
('2024-06-26 11:44:05.306315',101,'2024-06-26 11:44:05.306315',21,'다진마늘',NULL,'1스'),
('2024-06-26 11:47:07.392178',102,'2024-06-26 11:47:07.392178',22,'소금',NULL,'1T'),
('2024-06-26 11:47:07.392178',103,'2024-06-26 11:47:07.392178',22,'후추',NULL,'1t'),
('2024-06-26 11:47:07.392178',104,'2024-06-26 11:47:07.392178',22,'마늘',NULL,'3개'),
('2024-06-26 11:47:07.393167',105,'2024-06-26 11:47:07.393167',22,'베이컨',NULL,'2줄'),
('2024-06-26 11:47:07.395164',106,'2024-06-26 11:47:07.395164',22,'면수',NULL,'3국'),
('2024-06-26 11:50:00.116948',107,'2024-06-26 11:50:00.116948',23,'올리브유',NULL,'3T'),
('2024-06-26 11:50:00.117949',108,'2024-06-26 11:50:00.117949',23,'간장',NULL,'1T'),
('2024-06-26 11:50:00.118948',109,'2024-06-26 11:50:00.118948',23,'다진 마늘',NULL,'0.5T'),
('2024-06-26 11:50:00.119950',110,'2024-06-26 11:50:00.119950',23,'후춧가루',NULL,'약간'),
('2024-06-26 11:50:00.120958',111,'2024-06-26 11:50:00.120958',23,'소금',NULL,'약간'),
('2024-06-26 11:50:00.121952',112,'2024-06-26 11:50:00.121952',23,'통깨',NULL,'조'),
('2024-06-26 11:52:36.895842',113,'2024-06-26 11:52:36.895842',24,'올리브유',NULL,'조'),
('2024-06-26 11:54:14.508245',114,'2024-06-26 11:54:14.508245',25,'고춧가루',NULL,'2큰술'),
('2024-06-26 11:54:14.509244',115,'2024-06-26 11:54:14.509244',25,'소금',NULL,'2작은술'),
('2024-06-26 11:54:14.510305',116,'2024-06-26 11:54:14.510305',25,'설탕',NULL,'2작은술'),
('2024-06-26 11:54:14.510305',117,'2024-06-26 11:54:14.510305',25,'다진마늘',NULL,'1/2큰술'),
('2024-06-26 11:54:14.511249',118,'2024-06-26 11:54:14.511249',25,'참기름',NULL,'1작은술'),
('2024-06-26 11:54:14.512244',119,'2024-06-26 11:54:14.512244',25,'통깨',NULL,'1작은');

/*!40101 SET SQL_MODE=@OLD_SQL_MODE */;
/*!40014 SET FOREIGN_KEY_CHECKS=@OLD_FOREIGN_KEY_CHECKS */;
/*!40014 SET UNIQUE_CHECKS=@OLD_UNIQUE_CHECKS */;
/*!40111 SET SQL_NOTES=@OLD_SQL_NOTES */;
